sample_name,toggle,pass_qc,library,experiment_type,experimental_batch,cell_line,plate,cell_number,cell_sorted,material,pcr_cycles,condition,replicate,nuclei_protocol,gRNA_RT_primer,population,lambda_ng,organism,flowcell,lane,BSF_name,data_source,index1,index2,pool_name,sequenced,experiment_date,remark
sci-RNA-seq_SCI004_Jurkat_1000_1,0,1,sci-RNA-seq,bulk,SCI004,Jurkat,,1000,,,,,1,,,,0,human,BSF_0459_000000000-BRKMF,1,SCI004_1000cells_S38901,bsf,AGGCAGAA,CGAGTTTAATG,SCI004_POOL_L2792,,,
sci-RNA-seq_SCI004_Jurkat_100_1,0,1,sci-RNA-seq,bulk,SCI004,Jurkat,,100,,,,,1,,,,0,human,BSF_0459_000000000-BRKMF,1,SCI004_100cells_S38903,bsf,TCCTGAGC,CGAGTTTAATG,SCI004_POOL_L2792,,,
sci-RNA-seq_SCI004_Jurkat_100_lambda_1,0,1,sci-RNA-seq,bulk,SCI004,Jurkat,,100,,,,lambda,1,,,,,human,BSF_0459_000000000-BRKMF,1,SCI004_100cells_lambda_S38902,bsf,CGTACTAG,CGAGTTTAATG,SCI004_POOL_L2792,,,
sci-RNA-seq_BSF_0477_HJ7J7BGX2_Jurkat_3T3,0,0,sci-RNA-seq,single-cell,BSF_0477_HJ7J7BGX2,Jurkat_3T3,,2000,,,,,1,,,,0,human_mouse,BSF_0477_HJ7J7BGX2,,,bsf,,,,,,
sci-RNA-seq_SCI007_gate_unprocessed_1_BSF_0513_Jurkat_3T3,0,0,sci-RNA-seq,single-cell,SCI007,Jurkat_3T3,,1000,,,,,1,Cao,no,gate_unprocessed,50,human_mouse,BSF_0513_XXXXXXXXX,1,SCI_007_1_gate_unprocessed_S43636,bsf,,,SCI_007_010_011,9/12/2018,8/17/2018,
sci-RNA-seq_SCI007_gate_more_2_BSF_0513_Jurkat_3T3,0,0,sci-RNA-seq,single-cell,SCI007,Jurkat_3T3,,1000,,,,,2,Cao,no,gate_ more,50,human_mouse,BSF_0513_XXXXXXXXX,1,SCI_007_2_gate_more_S43635,bsf,,,SCI_007_010_011,9/12/2018,8/17/2018,
sci-RNA-seq_SCI007_gate_main_3_BSF_0513_Jurkat_3T3,0,0,sci-RNA-seq,single-cell,SCI007,Jurkat_3T3,,1000,,,,,3,Cao,no,gate_ main,50,human_mouse,BSF_0513_XXXXXXXXX,1,SCI_007_3_gate_main_S43634,bsf,,,SCI_007_010_011,9/12/2018,8/17/2018,
sci-RNA-seq_SCI010_gate_main_2_BSF_0513_Jurkat_3T3,0,0,sci-RNA-seq,single-cell,SCI010,Jurkat_3T3,,1000,,,,,2,10X,no,gate_ main,25,human_mouse,BSF_0513_XXXXXXXXX,1,SCI_010_2_gate_main_S43633,bsf,,,SCI_007_010_011,9/12/2018,8/30/2018,
sci-RNA-seq_SCI010_gate_more_3_BSF_0513_Jurkat_3T3,0,0,sci-RNA-seq,single-cell,SCI010,Jurkat_3T3,,1000,,,,,3,10X,no,gate_ more,25,human_mouse,BSF_0513_XXXXXXXXX,1,SCI_010_3_gate_more_S43639,bsf,,,SCI_007_010_011,9/12/2018,8/30/2018,
sci-RNA-seq_SCI011_gate_main_1_BSF_0513_Jurkat_3T3,0,0,sci-RNA-seq,single-cell,SCI011,Jurkat_3T3,,1000,,,,,1,10X,yes,gate_ main,0,human_mouse,BSF_0513_XXXXXXXXX,1,SCI_011_1_gate_main_S43638,bsf,,,SCI_007_010_011,9/12/2018,9/3/2018,
sci-RNA-seq_SCI011_gate_more_3_BSF_0513_Jurkat_3T3,0,0,sci-RNA-seq,single-cell,SCI011,Jurkat_3T3,,1000,,,,,3,10X,yes,gate_ more,0,human_mouse,BSF_0513_XXXXXXXXX,1,SCI_011_3_gate_more_S43637,bsf,,,SCI_007_010_011,9/12/2018,9/3/2018,
sci-RNA-seq_SCI012_12-nuclei_various-cycles,1,,sci-RNA-seq,single-cell,SCI012,Jurkat_3T3,1,5000,12,nuclei,22,various-cycles,,10X,no,gate_more,0,human_mouse,BSF_0535_H2MJ2BGX9,1,SCI_012_1_SSVI_12_nuclei,bsf,,ACCTCCAACCC,SCI012_013_pool,11/8/2018,10/22/2018,"compare cycling conditions RT001-048 standard, RT0049-096 cycling"
sci-RNA-seq_SCI012_24-nuclei_various-cycles,1,,sci-RNA-seq,single-cell,SCI012,Jurkat_3T3,4,5000,24,nuclei,21,various-cycles,,10X,no,gate_more,0,human_mouse,BSF_0535_H2MJ2BGX9,1,SCI_012_4_SSVI_24_nuclei,bsf,,ATATACCAGAC,SCI012_013_pool,11/8/2018,10/22/2018,"compare cycling conditions RT001-048 standard, RT0049-096 cycling"
sci-RNA-seq_SCI012_12-nuclei_various-enzymes,1,,sci-RNA-seq,single-cell,SCI012,Jurkat_3T3,6,5000,12,nuclei,22,various-enzymes,,10X,no,gate_more,0,human_mouse,BSF_0535_H2MJ2BGX9,1,SCI_012_6_ProtoMax_12_nuclei,bsf,,CTCATCTTAGC,SCI012_013_pool,11/8/2018,10/22/2018,"compare reverse transcriptases, RT001-024 ProtoscriptII, RT025-048 Maxima Hminus, RT0049-062 Superscript IV, RT063-096 Revert Aid minus"
sci-RNA-seq_SCI012_24-nuclei_various-enzymes,1,,sci-RNA-seq,single-cell,SCI012,Jurkat_3T3,7,5000,24,nuclei,21,various-enzymes,,10X,no,gate_more,0,human_mouse,BSF_0535_H2MJ2BGX9,1,SCI_012_7_ProtoMax_24_nuclei,bsf,,AATTTGGCCGT,SCI012_013_pool,11/8/2018,10/22/2018,"compare reverse transcriptases, RT001-024 ProtoscriptII, RT025-048 Maxima Hminus, RT0049-062 Superscript IV, RT063-096 Revert Aid minus"
sci-RNA-seq_SCI013_12-cells_various-rtprimers,1,,sci-RNA-seq,single-cell,SCI013,Jurkat_3T3,1,<5000,12,cells,,various-rtprimers,,,no,gate_more,0,human_mouse,BSF_0535_H2MJ2BGX9,1,SCI_013_1_SSVI_12_cells,bsf,,TTAAGGAAGTA,SCI012_013_pool,11/8/2018,10/23/2018,compare anchored vs. Non anchored RT primer
sci-RNA-seq_SCI013_12-nuclei_various-rtprimers,1,,sci-RNA-seq,single-cell,SCI013,Jurkat_3T3,2,5000,12,nuclei,,various-rtprimers,,10X,no,gate_more,0,human_mouse,BSF_0535_H2MJ2BGX9,1,SCI_013_2_SSVI_12_nuclei,bsf,,ACCGATCCAGA,SCI012_013_pool,11/8/2018,10/23/2018,compare anchored vs. Non anchored RT primer
