plate,barcode_type,well,barcode_ID,fixed_base1_N,variable_sequence,fixed_base2_V,barcode_sequence,sample
SCIFI_RT384_plate1,round1,A01,SCIFI_RT384_001,A,AGTGATTAGCA,A,AAGTGATTAGCAA,PBMC_Donor1
SCIFI_RT384_plate1,round1,A02,SCIFI_RT384_002,A,GAATCCCCCTA,A,AGAATCCCCCTAA,PBMC_Donor1
SCIFI_RT384_plate1,round1,A03,SCIFI_RT384_003,A,CCTGGGAAACT,A,ACCTGGGAAACTA,PBMC_Donor1
SCIFI_RT384_plate1,round1,A04,SCIFI_RT384_004,A,TACCTCCCAGG,A,ATACCTCCCAGGA,PBMC_Donor1
SCIFI_RT384_plate1,round1,A05,SCIFI_RT384_005,A,ATTTGTGGTAT,A,AATTTGTGGTATA,PBMC_Donor1
SCIFI_RT384_plate1,round1,A06,SCIFI_RT384_006,A,CCCGAGAGATC,A,ACCCGAGAGATCA,PBMC_Donor1
SCIFI_RT384_plate1,round1,A07,SCIFI_RT384_007,A,GAGTATAGGGT,A,AGAGTATAGGGTA,PBMC_Donor1
SCIFI_RT384_plate1,round1,A08,SCIFI_RT384_008,A,TCTTAATTGAG,A,ATCTTAATTGAGA,PBMC_Donor1
SCIFI_RT384_plate1,round1,A09,SCIFI_RT384_009,A,ACGTTCTGTCG,A,AACGTTCTGTCGA,PBMC_Donor1
SCIFI_RT384_plate1,round1,A10,SCIFI_RT384_010,A,CATAATGGCGA,A,ACATAATGGCGAA,PBMC_Donor1
SCIFI_RT384_plate1,round1,A11,SCIFI_RT384_011,A,GGCCGGAACAT,A,AGGCCGGAACATA,PBMC_Donor1
SCIFI_RT384_plate1,round1,A12,SCIFI_RT384_012,A,TCACTTCAAGA,A,ATCACTTCAAGAA,3T3_Jurkat_1to1
SCIFI_RT384_plate1,round1,B01,SCIFI_RT384_013,A,AGCTGGCCTTC,A,AAGCTGGCCTTCA,PBMC_Donor2
SCIFI_RT384_plate1,round1,B02,SCIFI_RT384_014,A,CTGCACATTGG,A,ACTGCACATTGGA,PBMC_Donor2
SCIFI_RT384_plate1,round1,B03,SCIFI_RT384_015,A,GGTCCTTCGAT,A,AGGTCCTTCGATA,PBMC_Donor2
SCIFI_RT384_plate1,round1,B04,SCIFI_RT384_016,A,TTCGCACCCGA,A,ATTCGCACCCGAA,PBMC_Donor2
SCIFI_RT384_plate1,round1,B05,SCIFI_RT384_017,A,CCGTAAATTAC,A,ACCGTAAATTACA,PBMC_Donor2
SCIFI_RT384_plate1,round1,B06,SCIFI_RT384_018,A,GTAGTCGATAT,A,AGTAGTCGATATA,PBMC_Donor2
SCIFI_RT384_plate1,round1,B07,SCIFI_RT384_019,A,TGTAAGAATCA,A,ATGTAAGAATCAA,PBMC_Donor2
SCIFI_RT384_plate1,round1,B08,SCIFI_RT384_020,A,AGGCCCGCCGT,A,AAGGCCCGCCGTA,PBMC_Donor2
SCIFI_RT384_plate1,round1,B09,SCIFI_RT384_021,A,CTCCACGCAAG,A,ACTCCACGCAAGA,PBMC_Donor2
SCIFI_RT384_plate1,round1,B10,SCIFI_RT384_022,A,GTCTTTGATTA,A,AGTCTTTGATTAA,PBMC_Donor2
SCIFI_RT384_plate1,round1,B11,SCIFI_RT384_023,A,TAGAGCCCGCC,A,ATAGAGCCCGCCA,PBMC_Donor2
SCIFI_RT384_plate1,round1,B12,SCIFI_RT384_024,A,AGAAATGGAGG,A,AAGAAATGGAGGA,3T3_Jurkat_1to1
SCIFI_RT384_plate1,round1,C01,SCIFI_RT384_025,T,CAGCGCTGGTT,A,TCAGCGCTGGTTA,PBMC_Donor3
SCIFI_RT384_plate1,round1,C02,SCIFI_RT384_026,T,GTTGACGAATA,A,TGTTGACGAATAA,PBMC_Donor3
SCIFI_RT384_plate1,round1,C03,SCIFI_RT384_027,T,TGCATCAGCGC,A,TTGCATCAGCGCA,PBMC_Donor3
SCIFI_RT384_plate1,round1,C04,SCIFI_RT384_028,T,AGCCATATGAG,A,TAGCCATATGAGA,PBMC_Donor3
SCIFI_RT384_plate1,round1,C05,SCIFI_RT384_029,T,CCTGCCCCTGT,A,TCCTGCCCCTGTA,PBMC_Donor3
SCIFI_RT384_plate1,round1,C06,SCIFI_RT384_030,T,GGTATAAAACC,A,TGGTATAAAACCA,PBMC_Donor3
SCIFI_RT384_plate1,round1,C07,SCIFI_RT384_031,T,TAAAGTCATGC,A,TTAAAGTCATGCA,PBMC_Donor3
SCIFI_RT384_plate1,round1,C08,SCIFI_RT384_032,T,AGAACTCAGAA,A,TAGAACTCAGAAA,PBMC_Donor3
SCIFI_RT384_plate1,round1,C09,SCIFI_RT384_033,T,CAGCTTAATCG,C,TCAGCTTAATCGC,PBMC_Donor3
SCIFI_RT384_plate1,round1,C10,SCIFI_RT384_034,T,GGCTTAAGAGA,C,TGGCTTAAGAGAC,PBMC_Donor3
SCIFI_RT384_plate1,round1,C11,SCIFI_RT384_035,T,TCACCTGTCGG,C,TTCACCTGTCGGC,PBMC_Donor3
SCIFI_RT384_plate1,round1,C12,SCIFI_RT384_036,T,ATAGTGATACT,C,TATAGTGATACTC,3T3_Jurkat_1to1
SCIFI_RT384_plate1,round1,D01,SCIFI_RT384_037,T,CATCAGCGAAC,C,TCATCAGCGAACC,PBMC_Donor4
SCIFI_RT384_plate1,round1,D02,SCIFI_RT384_038,T,GCGCCATGGGA,C,TGCGCCATGGGAC,PBMC_Donor4
SCIFI_RT384_plate1,round1,D03,SCIFI_RT384_039,T,TGTTGAACTCC,C,TTGTTGAACTCCC,PBMC_Donor4
SCIFI_RT384_plate1,round1,D04,SCIFI_RT384_040,T,ATATACGCAGT,C,TATATACGCAGTC,PBMC_Donor4
SCIFI_RT384_plate1,round1,D05,SCIFI_RT384_041,T,CGCACGACGTA,C,TCGCACGACGTAC,PBMC_Donor4
SCIFI_RT384_plate1,round1,D06,SCIFI_RT384_042,T,GGGACAGAAGG,C,TGGGACAGAAGGC,PBMC_Donor4
SCIFI_RT384_plate1,round1,D07,SCIFI_RT384_043,T,TTAACAAGTAT,C,TTTAACAAGTATC,PBMC_Donor4
SCIFI_RT384_plate1,round1,D08,SCIFI_RT384_044,T,ACTCCTGGGTA,C,TACTCCTGGGTAC,PBMC_Donor4
SCIFI_RT384_plate1,round1,D09,SCIFI_RT384_045,T,CAGAAAACCCC,C,TCAGAAAACCCCC,PBMC_Donor4
SCIFI_RT384_plate1,round1,D10,SCIFI_RT384_046,T,GCACGAGCAGT,C,TGCACGAGCAGTC,PBMC_Donor4
SCIFI_RT384_plate1,round1,D11,SCIFI_RT384_047,T,TATTATGCTTC,C,TTATTATGCTTCC,PBMC_Donor4
SCIFI_RT384_plate1,round1,D12,SCIFI_RT384_048,T,AGCGACTGTAT,C,TAGCGACTGTATC,3T3_Jurkat_1to1
SCIFI_RT384_plate1,round1,E01,SCIFI_RT384_049,C,CCTTGCGACAG,C,CCCTTGCGACAGC,Tcell_Donor1
SCIFI_RT384_plate1,round1,E02,SCIFI_RT384_050,C,GTTAGATTGCA,C,CGTTAGATTGCAC,Tcell_Donor1
SCIFI_RT384_plate1,round1,E03,SCIFI_RT384_051,C,TAAATACCATC,C,CTAAATACCATCC,Tcell_Donor1
SCIFI_RT384_plate1,round1,E04,SCIFI_RT384_052,C,ATATTTTTTAG,C,CATATTTTTTAGC,Tcell_Donor1
SCIFI_RT384_plate1,round1,E05,SCIFI_RT384_053,C,CCCTAAACGCT,C,CCCCTAAACGCTC,Tcell_Donor1
SCIFI_RT384_plate1,round1,E06,SCIFI_RT384_054,C,GATTGTTAGGA,C,CGATTGTTAGGAC,Tcell_Donor1
SCIFI_RT384_plate1,round1,E07,SCIFI_RT384_055,C,TACCGAGTCTC,C,CTACCGAGTCTCC,Tcell_Donor1
SCIFI_RT384_plate1,round1,E08,SCIFI_RT384_056,C,AGAACAAATTG,C,CAGAACAAATTGC,Tcell_Donor1
SCIFI_RT384_plate1,round1,E09,SCIFI_RT384_057,C,CTTGATCTCAT,C,CCTTGATCTCATC,Tcell_Donor1
SCIFI_RT384_plate1,round1,E10,SCIFI_RT384_058,C,GCCACGCGTTA,C,CGCCACGCGTTAC,Tcell_Donor1
SCIFI_RT384_plate1,round1,E11,SCIFI_RT384_059,C,TATAGATACGG,C,CTATAGATACGGC,Tcell_Donor1
SCIFI_RT384_plate1,round1,E12,SCIFI_RT384_060,C,ATACCCAGCCA,C,CATACCCAGCCAC,3T3_Jurkat_1to1
SCIFI_RT384_plate1,round1,F01,SCIFI_RT384_061,C,CCCGGATGTAC,C,CCCCGGATGTACC,Tcell_Donor2
SCIFI_RT384_plate1,round1,F02,SCIFI_RT384_062,C,GATCTCGGCTT,C,CGATCTCGGCTTC,Tcell_Donor2
SCIFI_RT384_plate1,round1,F03,SCIFI_RT384_063,C,TAGCCGCTTTG,C,CTAGCCGCTTTGC,Tcell_Donor2
SCIFI_RT384_plate1,round1,F04,SCIFI_RT384_064,C,CTAAATACAGC,C,CCTAAATACAGCC,Tcell_Donor2
SCIFI_RT384_plate1,round1,F05,SCIFI_RT384_065,C,GGGTTTTACCA,G,CGGGTTTTACCAG,Tcell_Donor2
SCIFI_RT384_plate1,round1,F06,SCIFI_RT384_066,C,ATATCCATTGC,G,CATATCCATTGCG,Tcell_Donor2
SCIFI_RT384_plate1,round1,F07,SCIFI_RT384_067,C,CTCCCGAGAGT,G,CCTCCCGAGAGTG,Tcell_Donor2
SCIFI_RT384_plate1,round1,F08,SCIFI_RT384_068,C,GAATATCTCCG,G,CGAATATCTCCGG,Tcell_Donor2
SCIFI_RT384_plate1,round1,F09,SCIFI_RT384_069,C,TACTAACCCAC,G,CTACTAACCCACG,Tcell_Donor2
SCIFI_RT384_plate1,round1,F10,SCIFI_RT384_070,C,AAATGATACAA,G,CAAATGATACAAG,Tcell_Donor2
SCIFI_RT384_plate1,round1,F11,SCIFI_RT384_071,C,CCCCATTATTT,G,CCCCCATTATTTG,Tcell_Donor2
SCIFI_RT384_plate1,round1,F12,SCIFI_RT384_072,C,GAGTCGCGACG,G,CGAGTCGCGACGG,3T3_Jurkat_1to1
SCIFI_RT384_plate1,round1,G01,SCIFI_RT384_073,G,TGGTTGTGGCC,G,GTGGTTGTGGCCG,Tcell_Donor3
SCIFI_RT384_plate1,round1,G02,SCIFI_RT384_074,G,ATTCAAGGAAA,G,GATTCAAGGAAAG,Tcell_Donor3
SCIFI_RT384_plate1,round1,G03,SCIFI_RT384_075,G,CCAAGATCTGG,G,GCCAAGATCTGGG,Tcell_Donor3
SCIFI_RT384_plate1,round1,G04,SCIFI_RT384_076,G,ATACTGTATCA,G,GATACTGTATCAG,Tcell_Donor3
SCIFI_RT384_plate1,round1,G05,SCIFI_RT384_077,G,CCGATTCGTGC,G,GCCGATTCGTGCG,Tcell_Donor3
SCIFI_RT384_plate1,round1,G06,SCIFI_RT384_078,G,TGACAACGCTG,G,GTGACAACGCTGG,Tcell_Donor3
SCIFI_RT384_plate1,round1,G07,SCIFI_RT384_079,G,GGCTGTCTTAT,G,GGGCTGTCTTATG,Tcell_Donor3
SCIFI_RT384_plate1,round1,G08,SCIFI_RT384_080,G,ACCCTGGCCTG,G,GACCCTGGCCTGG,Tcell_Donor3
SCIFI_RT384_plate1,round1,G09,SCIFI_RT384_081,G,CGTACGCTTAT,G,GCGTACGCTTATG,Tcell_Donor3
SCIFI_RT384_plate1,round1,G10,SCIFI_RT384_082,G,TTGCACTTAAT,G,GTTGCACTTAATG,Tcell_Donor3
SCIFI_RT384_plate1,round1,G11,SCIFI_RT384_083,G,GACAAAGAGAA,G,GGACAAAGAGAAG,Tcell_Donor3
SCIFI_RT384_plate1,round1,G12,SCIFI_RT384_084,G,AACCACAGCAC,G,GAACCACAGCACG,3T3_Jurkat_1to1
SCIFI_RT384_plate1,round1,H01,SCIFI_RT384_085,G,CTTATCTAGAG,G,GCTTATCTAGAGG,Tcell_Donor4
SCIFI_RT384_plate1,round1,H02,SCIFI_RT384_086,G,TAATGTGGTCA,G,GTAATGTGGTCAG,Tcell_Donor4
SCIFI_RT384_plate1,round1,H03,SCIFI_RT384_087,G,GCGCGCGAGCT,G,GGCGCGCGAGCTG,Tcell_Donor4
SCIFI_RT384_plate1,round1,H04,SCIFI_RT384_088,G,TCCATGTGTGT,G,GTCCATGTGTGTG,Tcell_Donor4
SCIFI_RT384_plate1,round1,H05,SCIFI_RT384_089,G,GGAGGAATCCA,G,GGGAGGAATCCAG,Tcell_Donor4
SCIFI_RT384_plate1,round1,H06,SCIFI_RT384_090,G,ATCAAAATAGG,G,GATCAAAATAGGG,Tcell_Donor4
SCIFI_RT384_plate1,round1,H07,SCIFI_RT384_091,G,CAAGACTGCCA,G,GCAAGACTGCCAG,Tcell_Donor4
SCIFI_RT384_plate1,round1,H08,SCIFI_RT384_092,G,TAGGATGGACC,G,GTAGGATGGACCG,Tcell_Donor4
SCIFI_RT384_plate1,round1,H09,SCIFI_RT384_093,G,GATCGGACCTA,G,GGATCGGACCTAG,Tcell_Donor4
SCIFI_RT384_plate1,round1,H10,SCIFI_RT384_094,G,CCCAAAGGAAT,G,GCCCAAAGGAATG,Tcell_Donor4
SCIFI_RT384_plate1,round1,H11,SCIFI_RT384_095,G,TACCTAACGCA,G,GTACCTAACGCAG,Tcell_Donor4
SCIFI_RT384_plate1,round1,H12,SCIFI_RT384_096,G,GTCAGGTTCAG,G,GGTCAGGTTCAGG,3T3_Jurkat_1to1
SCIFI_RT384_plate2,round1,A01,SCIFI_RT384_097,A,ACCTCCAACCC,A,AACCTCCAACCCA,PBMC_Donor1
SCIFI_RT384_plate2,round1,A02,SCIFI_RT384_098,A,CGTTTCAGCCA,A,ACGTTTCAGCCAA,PBMC_Donor1
SCIFI_RT384_plate2,round1,A03,SCIFI_RT384_099,A,TAAGGTTAGAT,A,ATAAGGTTAGATA,PBMC_Donor1
SCIFI_RT384_plate2,round1,A04,SCIFI_RT384_100,A,ATATACCAGAC,A,AATATACCAGACA,PBMC_Donor1
SCIFI_RT384_plate2,round1,A05,SCIFI_RT384_101,A,GGAGAGACTGT,A,AGGAGAGACTGTA,PBMC_Donor1
SCIFI_RT384_plate2,round1,A06,SCIFI_RT384_102,A,CTCATCTTAGC,A,ACTCATCTTAGCA,PBMC_Donor1
SCIFI_RT384_plate2,round1,A07,SCIFI_RT384_103,A,AATTTGGCCGT,A,AAATTTGGCCGTA,PBMC_Donor1
SCIFI_RT384_plate2,round1,A08,SCIFI_RT384_104,A,TTAAGGAAGTA,A,ATTAAGGAAGTAA,PBMC_Donor1
SCIFI_RT384_plate2,round1,A09,SCIFI_RT384_105,A,ACCGATCCAGA,A,AACCGATCCAGAA,PBMC_Donor1
SCIFI_RT384_plate2,round1,A10,SCIFI_RT384_106,A,CAACGGGACTG,A,ACAACGGGACTGA,PBMC_Donor1
SCIFI_RT384_plate2,round1,A11,SCIFI_RT384_107,A,TCCAGTACAAC,A,ATCCAGTACAACA,PBMC_Donor1
SCIFI_RT384_plate2,round1,A12,SCIFI_RT384_108,A,GAGGACGATGC,A,AGAGGACGATGCA,3T3_Jurkat_1to1
SCIFI_RT384_plate2,round1,B01,SCIFI_RT384_109,A,AAGGGTCGCTT,A,AAAGGGTCGCTTA,PBMC_Donor2
SCIFI_RT384_plate2,round1,B02,SCIFI_RT384_110,A,CCCATGTAGCA,A,ACCCATGTAGCAA,PBMC_Donor2
SCIFI_RT384_plate2,round1,B03,SCIFI_RT384_111,A,GTGAAGTGGAC,A,AGTGAAGTGGACA,PBMC_Donor2
SCIFI_RT384_plate2,round1,B04,SCIFI_RT384_112,A,TAATAATTACA,A,ATAATAATTACAA,PBMC_Donor2
SCIFI_RT384_plate2,round1,B05,SCIFI_RT384_113,A,GCTGTAACGTG,A,AGCTGTAACGTGA,PBMC_Donor2
SCIFI_RT384_plate2,round1,B06,SCIFI_RT384_114,A,AAAAGCTGCGT,A,AAAAAGCTGCGTA,PBMC_Donor2
SCIFI_RT384_plate2,round1,B07,SCIFI_RT384_115,A,CGCGCAAACAG,A,ACGCGCAAACAGA,PBMC_Donor2
SCIFI_RT384_plate2,round1,B08,SCIFI_RT384_116,A,TAATTTTCCCC,A,ATAATTTTCCCCA,PBMC_Donor2
SCIFI_RT384_plate2,round1,B09,SCIFI_RT384_117,A,GGATACTGGTT,A,AGGATACTGGTTA,PBMC_Donor2
SCIFI_RT384_plate2,round1,B10,SCIFI_RT384_118,A,AGGGGGAAGCG,A,AAGGGGGAAGCGA,PBMC_Donor2
SCIFI_RT384_plate2,round1,B11,SCIFI_RT384_119,A,CAACGCCAAAA,A,ACAACGCCAAAAA,PBMC_Donor2
SCIFI_RT384_plate2,round1,B12,SCIFI_RT384_120,A,ACGAAGCCTGT,A,AACGAAGCCTGTA,3T3_Jurkat_1to1
SCIFI_RT384_plate2,round1,C01,SCIFI_RT384_121,T,TACGTTGCCAG,A,TTACGTTGCCAGA,PBMC_Donor3
SCIFI_RT384_plate2,round1,C02,SCIFI_RT384_122,T,AATTAACTTAT,A,TAATTAACTTATA,PBMC_Donor3
SCIFI_RT384_plate2,round1,C03,SCIFI_RT384_123,T,CTCGGTATGGG,A,TCTCGGTATGGGA,PBMC_Donor3
SCIFI_RT384_plate2,round1,C04,SCIFI_RT384_124,T,TCGTGTGAATT,A,TTCGTGTGAATTA,PBMC_Donor3
SCIFI_RT384_plate2,round1,C05,SCIFI_RT384_125,T,ATAATTAGTTC,A,TATAATTAGTTCA,PBMC_Donor3
SCIFI_RT384_plate2,round1,C06,SCIFI_RT384_126,T,GGCTAATTCCT,A,TGGCTAATTCCTA,PBMC_Donor3
SCIFI_RT384_plate2,round1,C07,SCIFI_RT384_127,T,AGAAGGTCGTG,A,TAGAAGGTCGTGA,PBMC_Donor3
SCIFI_RT384_plate2,round1,C08,SCIFI_RT384_128,T,CGTGAGGGGGT,A,TCGTGAGGGGGTA,PBMC_Donor3
SCIFI_RT384_plate2,round1,C09,SCIFI_RT384_129,T,TAGGCTAAAGG,C,TTAGGCTAAAGGC,PBMC_Donor3
SCIFI_RT384_plate2,round1,C10,SCIFI_RT384_130,T,GAAGTGGCTTC,C,TGAAGTGGCTTCC,PBMC_Donor3
SCIFI_RT384_plate2,round1,C11,SCIFI_RT384_131,T,ATCGCATAGCG,C,TATCGCATAGCGC,PBMC_Donor3
SCIFI_RT384_plate2,round1,C12,SCIFI_RT384_132,T,CTCCTAAGCTC,C,TCTCCTAAGCTCC,3T3_Jurkat_1to1
SCIFI_RT384_plate2,round1,D01,SCIFI_RT384_133,T,AAATCATGATT,C,TAAATCATGATTC,PBMC_Donor4
SCIFI_RT384_plate2,round1,D02,SCIFI_RT384_134,T,CGCATACGGAA,C,TCGCATACGGAAC,PBMC_Donor4
SCIFI_RT384_plate2,round1,D03,SCIFI_RT384_135,T,TGCAGCCACAG,C,TTGCAGCCACAGC,PBMC_Donor4
SCIFI_RT384_plate2,round1,D04,SCIFI_RT384_136,T,ACCTGGTGCTT,C,TACCTGGTGCTTC,PBMC_Donor4
SCIFI_RT384_plate2,round1,D05,SCIFI_RT384_137,T,GTTTTCATAAG,C,TGTTTTCATAAGC,PBMC_Donor4
SCIFI_RT384_plate2,round1,D06,SCIFI_RT384_138,T,AAACTGAGATG,C,TAAACTGAGATGC,PBMC_Donor4
SCIFI_RT384_plate2,round1,D07,SCIFI_RT384_139,T,CAGTGCGCTGT,C,TCAGTGCGCTGTC,PBMC_Donor4
SCIFI_RT384_plate2,round1,D08,SCIFI_RT384_140,T,TGAGTGGGCCA,C,TTGAGTGGGCCAC,PBMC_Donor4
SCIFI_RT384_plate2,round1,D09,SCIFI_RT384_141,T,ATTCTCTCAAC,C,TATTCTCTCAACC,PBMC_Donor4
SCIFI_RT384_plate2,round1,D10,SCIFI_RT384_142,T,CCTCCTTTACG,C,TCCTCCTTTACGC,PBMC_Donor4
SCIFI_RT384_plate2,round1,D11,SCIFI_RT384_143,T,AGAGAACTTTA,C,TAGAGAACTTTAC,PBMC_Donor4
SCIFI_RT384_plate2,round1,D12,SCIFI_RT384_144,T,TACTACCAGGT,C,TTACTACCAGGTC,3T3_Jurkat_1to1
SCIFI_RT384_plate2,round1,E01,SCIFI_RT384_145,C,ATTGCTACATC,C,CATTGCTACATCC,Tcell_Donor1
SCIFI_RT384_plate2,round1,E02,SCIFI_RT384_146,C,GGAGTCACACG,C,CGGAGTCACACGC,Tcell_Donor1
SCIFI_RT384_plate2,round1,E03,SCIFI_RT384_147,C,CGGTGGAGCTC,C,CCGGTGGAGCTCC,Tcell_Donor1
SCIFI_RT384_plate2,round1,E04,SCIFI_RT384_148,C,TTCGGCCCAAT,C,CTTCGGCCCAATC,Tcell_Donor1
SCIFI_RT384_plate2,round1,E05,SCIFI_RT384_149,C,ACGAGACACCC,C,CACGAGACACCCC,Tcell_Donor1
SCIFI_RT384_plate2,round1,E06,SCIFI_RT384_150,C,GTCTAGACAAA,C,CGTCTAGACAAAC,Tcell_Donor1
SCIFI_RT384_plate2,round1,E07,SCIFI_RT384_151,C,ACCGTACGTTG,C,CACCGTACGTTGC,Tcell_Donor1
SCIFI_RT384_plate2,round1,E08,SCIFI_RT384_152,C,CTAACCCTCTC,C,CCTAACCCTCTCC,Tcell_Donor1
SCIFI_RT384_plate2,round1,E09,SCIFI_RT384_153,C,TAGATTTAACT,C,CTAGATTTAACTC,Tcell_Donor1
SCIFI_RT384_plate2,round1,E10,SCIFI_RT384_154,C,AGATTAGAGTA,C,CAGATTAGAGTAC,Tcell_Donor1
SCIFI_RT384_plate2,round1,E11,SCIFI_RT384_155,C,GGGACGTTTTC,C,CGGGACGTTTTCC,Tcell_Donor1
SCIFI_RT384_plate2,round1,E12,SCIFI_RT384_156,C,TATACCAAGAA,C,CTATACCAAGAAC,3T3_Jurkat_1to1
SCIFI_RT384_plate2,round1,F01,SCIFI_RT384_157,C,CGGCGAGCCAG,C,CCGGCGAGCCAGC,Tcell_Donor2
SCIFI_RT384_plate2,round1,F02,SCIFI_RT384_158,C,ATTTGAAAACG,C,CATTTGAAAACGC,Tcell_Donor2
SCIFI_RT384_plate2,round1,F03,SCIFI_RT384_159,C,CCCTTTCTGGA,C,CCCCTTTCTGGAC,Tcell_Donor2
SCIFI_RT384_plate2,round1,F04,SCIFI_RT384_160,C,TGACTGCAGCG,C,CTGACTGCAGCGC,Tcell_Donor2
SCIFI_RT384_plate2,round1,F05,SCIFI_RT384_161,C,ACGATCAAGTT,G,CACGATCAAGTTG,Tcell_Donor2
SCIFI_RT384_plate2,round1,F06,SCIFI_RT384_162,C,GAAATGCTGAC,G,CGAAATGCTGACG,Tcell_Donor2
SCIFI_RT384_plate2,round1,F07,SCIFI_RT384_163,C,GCTACCTGAAG,G,CGCTACCTGAAGG,Tcell_Donor2
SCIFI_RT384_plate2,round1,F08,SCIFI_RT384_164,C,AGGAACTACAC,G,CAGGAACTACACG,Tcell_Donor2
SCIFI_RT384_plate2,round1,F09,SCIFI_RT384_165,C,TCGGCCGGTCA,G,CTCGGCCGGTCAG,Tcell_Donor2
SCIFI_RT384_plate2,round1,F10,SCIFI_RT384_166,C,TTTTCCAGCGT,G,CTTTTCCAGCGTG,Tcell_Donor2
SCIFI_RT384_plate2,round1,F11,SCIFI_RT384_167,C,AATCGTAGCCG,G,CAATCGTAGCCGG,Tcell_Donor2
SCIFI_RT384_plate2,round1,F12,SCIFI_RT384_168,C,GTAAACTACGA,G,CGTAAACTACGAG,3T3_Jurkat_1to1
SCIFI_RT384_plate2,round1,G01,SCIFI_RT384_169,G,ACGAGTATCTG,G,GACGAGTATCTGG,Tcell_Donor3
SCIFI_RT384_plate2,round1,G02,SCIFI_RT384_170,G,CAAAGGGTGGT,G,GCAAAGGGTGGTG,Tcell_Donor3
SCIFI_RT384_plate2,round1,G03,SCIFI_RT384_171,G,TAGGTGAGAAA,G,GTAGGTGAGAAAG,Tcell_Donor3
SCIFI_RT384_plate2,round1,G04,SCIFI_RT384_172,G,AGCGGATTAGT,G,GAGCGGATTAGTG,Tcell_Donor3
SCIFI_RT384_plate2,round1,G05,SCIFI_RT384_173,G,GTTTGTATGTC,G,GGTTTGTATGTCG,Tcell_Donor3
SCIFI_RT384_plate2,round1,G06,SCIFI_RT384_174,G,AACACATCTGA,G,GAACACATCTGAG,Tcell_Donor3
SCIFI_RT384_plate2,round1,G07,SCIFI_RT384_175,G,CTACCAATGAC,G,GCTACCAATGACG,Tcell_Donor3
SCIFI_RT384_plate2,round1,G08,SCIFI_RT384_176,G,TGAGGGCTCGG,G,GTGAGGGCTCGGG,Tcell_Donor3
SCIFI_RT384_plate2,round1,G09,SCIFI_RT384_177,G,AAATGTGTCGC,G,GAAATGTGTCGCG,Tcell_Donor3
SCIFI_RT384_plate2,round1,G10,SCIFI_RT384_178,G,GCCCACACCGG,G,GGCCCACACCGGG,Tcell_Donor3
SCIFI_RT384_plate2,round1,G11,SCIFI_RT384_179,G,CCGGTAGCTCC,G,GCCGGTAGCTCCG,Tcell_Donor3
SCIFI_RT384_plate2,round1,G12,SCIFI_RT384_180,G,AAGAATTATGG,G,GAAGAATTATGGG,3T3_Jurkat_1to1
SCIFI_RT384_plate2,round1,H01,SCIFI_RT384_181,G,TCTCGTCATAT,G,GTCTCGTCATATG,Tcell_Donor4
SCIFI_RT384_plate2,round1,H02,SCIFI_RT384_182,G,GACTTTTGGTC,G,GGACTTTTGGTCG,Tcell_Donor4
SCIFI_RT384_plate2,round1,H03,SCIFI_RT384_183,G,ATTTCGTTCCA,G,GATTTCGTTCCAG,Tcell_Donor4
SCIFI_RT384_plate2,round1,H04,SCIFI_RT384_184,G,TCCCGGAGCCA,G,GTCCCGGAGCCAG,Tcell_Donor4
SCIFI_RT384_plate2,round1,H05,SCIFI_RT384_185,G,GGGGGCCGGAC,G,GGGGGGCCGGACG,Tcell_Donor4
SCIFI_RT384_plate2,round1,H06,SCIFI_RT384_186,G,ACTACGTTTGG,G,GACTACGTTTGGG,Tcell_Donor4
SCIFI_RT384_plate2,round1,H07,SCIFI_RT384_187,G,CTTTAATCTAA,G,GCTTTAATCTAAG,Tcell_Donor4
SCIFI_RT384_plate2,round1,H08,SCIFI_RT384_188,G,AGGCAAAAATC,G,GAGGCAAAAATCG,Tcell_Donor4
SCIFI_RT384_plate2,round1,H09,SCIFI_RT384_189,G,TTTGATTCTCG,G,GTTTGATTCTCGG,Tcell_Donor4
SCIFI_RT384_plate2,round1,H10,SCIFI_RT384_190,G,AGGGACATCGA,G,GAGGGACATCGAG,Tcell_Donor4
SCIFI_RT384_plate2,round1,H11,SCIFI_RT384_191,G,GATCCTTACCC,G,GGATCCTTACCCG,Tcell_Donor4
SCIFI_RT384_plate2,round1,H12,SCIFI_RT384_192,G,CGATCCTCGCG,G,GCGATCCTCGCGG,3T3_Jurkat_1to1
SCIFI_RT384_plate3,round1,A01,SCIFI_RT384_193,A,TATTGGCACTT,A,ATATTGGCACTTA,PBMC_Donor1
SCIFI_RT384_plate3,round1,A02,SCIFI_RT384_194,A,AAAGAATCGCC,A,AAAAGAATCGCCA,PBMC_Donor1
SCIFI_RT384_plate3,round1,A03,SCIFI_RT384_195,A,GGAAGCCCATT,A,AGGAAGCCCATTA,PBMC_Donor1
SCIFI_RT384_plate3,round1,A04,SCIFI_RT384_196,A,CCCCTTCGCAG,A,ACCCCTTCGCAGA,PBMC_Donor1
SCIFI_RT384_plate3,round1,A05,SCIFI_RT384_197,A,TGTCTATTCAC,A,ATGTCTATTCACA,PBMC_Donor1
SCIFI_RT384_plate3,round1,A06,SCIFI_RT384_198,A,GAACGCTTTGA,A,AGAACGCTTTGAA,PBMC_Donor1
SCIFI_RT384_plate3,round1,A07,SCIFI_RT384_199,A,AGGGACCCACC,A,AAGGGACCCACCA,PBMC_Donor1
SCIFI_RT384_plate3,round1,A08,SCIFI_RT384_200,A,CACATCGTTTT,A,ACACATCGTTTTA,PBMC_Donor1
SCIFI_RT384_plate3,round1,A09,SCIFI_RT384_201,A,ATGGTTCTCCG,A,AATGGTTCTCCGA,PBMC_Donor1
SCIFI_RT384_plate3,round1,A10,SCIFI_RT384_202,A,TGCCGCTGAAA,A,ATGCCGCTGAAAA,PBMC_Donor1
SCIFI_RT384_plate3,round1,A11,SCIFI_RT384_203,A,AACACTCTAGT,A,AAACACTCTAGTA,PBMC_Donor1
SCIFI_RT384_plate3,round1,A12,SCIFI_RT384_204,A,TCCTCGGGGTC,A,ATCCTCGGGGTCA,PBMC_Donor1
SCIFI_RT384_plate3,round1,B01,SCIFI_RT384_205,A,AGAATCGCTAG,A,AAGAATCGCTAGA,PBMC_Donor2
SCIFI_RT384_plate3,round1,B02,SCIFI_RT384_206,A,GAAGTCAGGTA,A,AGAAGTCAGGTAA,PBMC_Donor2
SCIFI_RT384_plate3,round1,B03,SCIFI_RT384_207,A,CGCGGCTCATC,A,ACGCGGCTCATCA,PBMC_Donor2
SCIFI_RT384_plate3,round1,B04,SCIFI_RT384_208,A,AACCCAAATAT,A,AAACCCAAATATA,PBMC_Donor2
SCIFI_RT384_plate3,round1,B05,SCIFI_RT384_209,A,TCTCAGAACTG,A,ATCTCAGAACTGA,PBMC_Donor2
SCIFI_RT384_plate3,round1,B06,SCIFI_RT384_210,A,GCAATTAGGAG,A,AGCAATTAGGAGA,PBMC_Donor2
SCIFI_RT384_plate3,round1,B07,SCIFI_RT384_211,A,AGTAAACGCGT,A,AAGTAAACGCGTA,PBMC_Donor2
SCIFI_RT384_plate3,round1,B08,SCIFI_RT384_212,A,CATACAGCATG,A,ACATACAGCATGA,PBMC_Donor2
SCIFI_RT384_plate3,round1,B09,SCIFI_RT384_213,A,ACGCAGAGAGA,A,AACGCAGAGAGAA,PBMC_Donor2
SCIFI_RT384_plate3,round1,B10,SCIFI_RT384_214,A,TGACGCGATTT,A,ATGACGCGATTTA,PBMC_Donor2
SCIFI_RT384_plate3,round1,B11,SCIFI_RT384_215,A,AACATTCACCA,A,AAACATTCACCAA,PBMC_Donor2
SCIFI_RT384_plate3,round1,B12,SCIFI_RT384_216,A,GGCCTCATATT,A,AGGCCTCATATTA,PBMC_Donor2
SCIFI_RT384_plate3,round1,C01,SCIFI_RT384_217,T,GACGCTCACTG,A,TGACGCTCACTGA,PBMC_Donor3
SCIFI_RT384_plate3,round1,C02,SCIFI_RT384_218,T,CCGGGCGGAGC,A,TCCGGGCGGAGCA,PBMC_Donor3
SCIFI_RT384_plate3,round1,C03,SCIFI_RT384_219,T,TTCCCGTTTAA,A,TTTCCCGTTTAAA,PBMC_Donor3
SCIFI_RT384_plate3,round1,C04,SCIFI_RT384_220,T,GTAACTGAGTG,A,TGTAACTGAGTGA,PBMC_Donor3
SCIFI_RT384_plate3,round1,C05,SCIFI_RT384_221,T,AACCTATGCCT,A,TAACCTATGCCTA,PBMC_Donor3
SCIFI_RT384_plate3,round1,C06,SCIFI_RT384_222,T,CCAAAGAACAT,A,TCCAAAGAACATA,PBMC_Donor3
SCIFI_RT384_plate3,round1,C07,SCIFI_RT384_223,T,TCTCGGGTGAC,A,TTCTCGGGTGACA,PBMC_Donor3
SCIFI_RT384_plate3,round1,C08,SCIFI_RT384_224,T,GGTGTTGTTTT,A,TGGTGTTGTTTTA,PBMC_Donor3
SCIFI_RT384_plate3,round1,C09,SCIFI_RT384_225,T,AACCCGTAGTA,C,TAACCCGTAGTAC,PBMC_Donor3
SCIFI_RT384_plate3,round1,C10,SCIFI_RT384_226,T,CTGCCTACTAA,C,TCTGCCTACTAAC,PBMC_Donor3
SCIFI_RT384_plate3,round1,C11,SCIFI_RT384_227,T,TCAGTATTTAT,C,TTCAGTATTTATC,PBMC_Donor3
SCIFI_RT384_plate3,round1,C12,SCIFI_RT384_228,T,GCTAGGGAAAA,C,TGCTAGGGAAAAC,PBMC_Donor3
SCIFI_RT384_plate3,round1,D01,SCIFI_RT384_229,T,AGTTACGAGGG,C,TAGTTACGAGGGC,PBMC_Donor4
SCIFI_RT384_plate3,round1,D02,SCIFI_RT384_230,T,CGACCTAGGTT,C,TCGACCTAGGTTC,PBMC_Donor4
SCIFI_RT384_plate3,round1,D03,SCIFI_RT384_231,T,GCCTCGATAGG,C,TGCCTCGATAGGC,PBMC_Donor4
SCIFI_RT384_plate3,round1,D04,SCIFI_RT384_232,T,ATTAGTCAAAC,C,TATTAGTCAAACC,PBMC_Donor4
SCIFI_RT384_plate3,round1,D05,SCIFI_RT384_233,T,CTTACTGAACT,C,TCTTACTGAACTC,PBMC_Donor4
SCIFI_RT384_plate3,round1,D06,SCIFI_RT384_234,T,TCAATTGTGCA,C,TTCAATTGTGCAC,PBMC_Donor4
SCIFI_RT384_plate3,round1,D07,SCIFI_RT384_235,T,GTACATGTCAC,C,TGTACATGTCACC,PBMC_Donor4
SCIFI_RT384_plate3,round1,D08,SCIFI_RT384_236,T,ACGTATCATTA,C,TACGTATCATTAC,PBMC_Donor4
SCIFI_RT384_plate3,round1,D09,SCIFI_RT384_237,T,CATGGACTCTG,C,TCATGGACTCTGC,PBMC_Donor4
SCIFI_RT384_plate3,round1,D10,SCIFI_RT384_238,T,TCATGCTCCAT,C,TTCATGCTCCATC,PBMC_Donor4
SCIFI_RT384_plate3,round1,D11,SCIFI_RT384_239,T,GCTAACTCTGC,C,TGCTAACTCTGCC,PBMC_Donor4
SCIFI_RT384_plate3,round1,D12,SCIFI_RT384_240,T,CCCTACTTCAA,C,TCCCTACTTCAAC,PBMC_Donor4
SCIFI_RT384_plate3,round1,E01,SCIFI_RT384_241,C,AGTACTACGCG,C,CAGTACTACGCGC,Tcell_Donor1
SCIFI_RT384_plate3,round1,E02,SCIFI_RT384_242,C,TCACCGGCTAT,C,CTCACCGGCTATC,Tcell_Donor1
SCIFI_RT384_plate3,round1,E03,SCIFI_RT384_243,C,ACTATTTAATA,C,CACTATTTAATAC,Tcell_Donor1
SCIFI_RT384_plate3,round1,E04,SCIFI_RT384_244,C,CGGACTTGCTG,C,CCGGACTTGCTGC,Tcell_Donor1
SCIFI_RT384_plate3,round1,E05,SCIFI_RT384_245,C,TCACATCTTCC,C,CTCACATCTTCCC,Tcell_Donor1
SCIFI_RT384_plate3,round1,E06,SCIFI_RT384_246,C,GACCACCTGTA,C,CGACCACCTGTAC,Tcell_Donor1
SCIFI_RT384_plate3,round1,E07,SCIFI_RT384_247,C,ATCAATCCCAG,C,CATCAATCCCAGC,Tcell_Donor1
SCIFI_RT384_plate3,round1,E08,SCIFI_RT384_248,C,CCAAGCAGGCC,C,CCCAAGCAGGCCC,Tcell_Donor1
SCIFI_RT384_plate3,round1,E09,SCIFI_RT384_249,C,TGTGCATAGTT,C,CTGTGCATAGTTC,Tcell_Donor1
SCIFI_RT384_plate3,round1,E10,SCIFI_RT384_250,C,AACGCAGTCCA,C,CAACGCAGTCCAC,Tcell_Donor1
SCIFI_RT384_plate3,round1,E11,SCIFI_RT384_251,C,GCGTTGGTAAT,C,CGCGTTGGTAATC,Tcell_Donor1
SCIFI_RT384_plate3,round1,E12,SCIFI_RT384_252,C,CTTCAGTAGGA,C,CCTTCAGTAGGAC,Tcell_Donor1
SCIFI_RT384_plate3,round1,F01,SCIFI_RT384_253,C,TAGCCTTCTGT,C,CTAGCCTTCTGTC,Tcell_Donor2
SCIFI_RT384_plate3,round1,F02,SCIFI_RT384_254,C,GTCCCACGAAG,C,CGTCCCACGAAGC,Tcell_Donor2
SCIFI_RT384_plate3,round1,F03,SCIFI_RT384_255,C,TAGTTCCTATT,C,CTAGTTCCTATTC,Tcell_Donor2
SCIFI_RT384_plate3,round1,F04,SCIFI_RT384_256,C,CCCAACCGGTG,C,CCCCAACCGGTGC,Tcell_Donor2
SCIFI_RT384_plate3,round1,F05,SCIFI_RT384_257,C,TCTTAAAGATT,G,CTCTTAAAGATTG,Tcell_Donor2
SCIFI_RT384_plate3,round1,F06,SCIFI_RT384_258,C,GGTCTCCTTGC,G,CGGTCTCCTTGCG,Tcell_Donor2
SCIFI_RT384_plate3,round1,F07,SCIFI_RT384_259,C,AATGAGCAGAG,G,CAATGAGCAGAGG,Tcell_Donor2
SCIFI_RT384_plate3,round1,F08,SCIFI_RT384_260,C,CATATTCCCTT,G,CCATATTCCCTTG,Tcell_Donor2
SCIFI_RT384_plate3,round1,F09,SCIFI_RT384_261,C,TGTTACCCGTA,G,CTGTTACCCGTAG,Tcell_Donor2
SCIFI_RT384_plate3,round1,F10,SCIFI_RT384_262,C,GATAATTTTCT,G,CGATAATTTTCTG,Tcell_Donor2
SCIFI_RT384_plate3,round1,F11,SCIFI_RT384_263,C,AACCTTGAGGG,G,CAACCTTGAGGGG,Tcell_Donor2
SCIFI_RT384_plate3,round1,F12,SCIFI_RT384_264,C,CGATAAAACGC,G,CCGATAAAACGCG,Tcell_Donor2
SCIFI_RT384_plate3,round1,G01,SCIFI_RT384_265,G,CCTAGAGAGTT,G,GCCTAGAGAGTTG,Tcell_Donor3
SCIFI_RT384_plate3,round1,G02,SCIFI_RT384_266,G,GTCACCATGGA,G,GGTCACCATGGAG,Tcell_Donor3
SCIFI_RT384_plate3,round1,G03,SCIFI_RT384_267,G,CTGTGGCCCCG,G,GCTGTGGCCCCGG,Tcell_Donor3
SCIFI_RT384_plate3,round1,G04,SCIFI_RT384_268,G,TGGGAGGCGAA,G,GTGGGAGGCGAAG,Tcell_Donor3
SCIFI_RT384_plate3,round1,G05,SCIFI_RT384_269,G,GCTGCCGTCAC,G,GGCTGCCGTCACG,Tcell_Donor3
SCIFI_RT384_plate3,round1,G06,SCIFI_RT384_270,G,ATCTTCTATGT,G,GATCTTCTATGTG,Tcell_Donor3
SCIFI_RT384_plate3,round1,G07,SCIFI_RT384_271,G,CTACTTGCTCT,G,GCTACTTGCTCTG,Tcell_Donor3
SCIFI_RT384_plate3,round1,G08,SCIFI_RT384_272,G,TGGGCCTTTAG,G,GTGGGCCTTTAGG,Tcell_Donor3
SCIFI_RT384_plate3,round1,G09,SCIFI_RT384_273,G,GATACACCGGC,G,GGATACACCGGCG,Tcell_Donor3
SCIFI_RT384_plate3,round1,G10,SCIFI_RT384_274,G,TGCGCTCGGAT,G,GTGCGCTCGGATG,Tcell_Donor3
SCIFI_RT384_plate3,round1,G11,SCIFI_RT384_275,G,CACAGGTCAAA,G,GCACAGGTCAAAG,Tcell_Donor3
SCIFI_RT384_plate3,round1,G12,SCIFI_RT384_276,G,TCTGAGTGCCC,G,GTCTGAGTGCCCG,Tcell_Donor3
SCIFI_RT384_plate3,round1,H01,SCIFI_RT384_277,G,GTTGTGTAGCT,G,GGTTGTGTAGCTG,Tcell_Donor4
SCIFI_RT384_plate3,round1,H02,SCIFI_RT384_278,G,ATGCGGGGCGG,G,GATGCGGGGCGGG,Tcell_Donor4
SCIFI_RT384_plate3,round1,H03,SCIFI_RT384_279,G,CCGGTGTAAAC,G,GCCGGTGTAAACG,Tcell_Donor4
SCIFI_RT384_plate3,round1,H04,SCIFI_RT384_280,G,TGGCAAGTTCG,G,GTGGCAAGTTCGG,Tcell_Donor4
SCIFI_RT384_plate3,round1,H05,SCIFI_RT384_281,G,GTAGAATGAGT,G,GGTAGAATGAGTG,Tcell_Donor4
SCIFI_RT384_plate3,round1,H06,SCIFI_RT384_282,G,CCCTATGGCCC,G,GCCCTATGGCCCG,Tcell_Donor4
SCIFI_RT384_plate3,round1,H07,SCIFI_RT384_283,G,TCTATCCTCAT,G,GTCTATCCTCATG,Tcell_Donor4
SCIFI_RT384_plate3,round1,H08,SCIFI_RT384_284,G,GAGTGTACTTG,G,GGAGTGTACTTGG,Tcell_Donor4
SCIFI_RT384_plate3,round1,H09,SCIFI_RT384_285,G,ATCGCGAGTAC,G,GATCGCGAGTACG,Tcell_Donor4
SCIFI_RT384_plate3,round1,H10,SCIFI_RT384_286,G,CGGTCCCAAGT,G,GCGGTCCCAAGTG,Tcell_Donor4
SCIFI_RT384_plate3,round1,H11,SCIFI_RT384_287,G,TTCTGGGAGAG,G,GTTCTGGGAGAGG,Tcell_Donor4
SCIFI_RT384_plate3,round1,H12,SCIFI_RT384_288,G,AACTTCGAAAA,G,GAACTTCGAAAAG,Tcell_Donor4
SCIFI_RT384_plate4,round1,A01,SCIFI_RT384_289,A,GCGTCCACACA,A,AGCGTCCACACAA,PBMC_Donor1
SCIFI_RT384_plate4,round1,A02,SCIFI_RT384_290,A,CGAGGTGCCGT,A,ACGAGGTGCCGTA,PBMC_Donor1
SCIFI_RT384_plate4,round1,A03,SCIFI_RT384_291,A,TTTATTAGACG,A,ATTTATTAGACGA,PBMC_Donor1
SCIFI_RT384_plate4,round1,A04,SCIFI_RT384_292,A,GGGCTCCGACA,A,AGGGCTCCGACAA,PBMC_Donor1
SCIFI_RT384_plate4,round1,A05,SCIFI_RT384_293,A,AAGTTTATCAA,A,AAAGTTTATCAAA,PBMC_Donor1
SCIFI_RT384_plate4,round1,A06,SCIFI_RT384_294,A,CACGTGTGCGG,A,ACACGTGTGCGGA,PBMC_Donor1
SCIFI_RT384_plate4,round1,A07,SCIFI_RT384_295,A,ACGTCAAGGAT,A,AACGTCAAGGATA,PBMC_Donor1
SCIFI_RT384_plate4,round1,A08,SCIFI_RT384_296,A,GTGACAGCTAC,A,AGTGACAGCTACA,PBMC_Donor1
SCIFI_RT384_plate4,round1,A09,SCIFI_RT384_297,A,AGCTTTACATG,A,AAGCTTTACATGA,PBMC_Donor1
SCIFI_RT384_plate4,round1,A10,SCIFI_RT384_298,A,TATGAACAACT,A,ATATGAACAACTA,PBMC_Donor1
SCIFI_RT384_plate4,round1,A11,SCIFI_RT384_299,A,GTAGATCGCTA,A,AGTAGATCGCTAA,PBMC_Donor1
SCIFI_RT384_plate4,round1,A12,SCIFI_RT384_300,A,AAGCGTCTACC,A,AAAGCGTCTACCA,PBMC_Donor1
SCIFI_RT384_plate4,round1,B01,SCIFI_RT384_301,A,CATTTTTGAAG,A,ACATTTTTGAAGA,PBMC_Donor2
SCIFI_RT384_plate4,round1,B02,SCIFI_RT384_302,A,TGTAGCTTACC,A,ATGTAGCTTACCA,PBMC_Donor2
SCIFI_RT384_plate4,round1,B03,SCIFI_RT384_303,A,GTGAGCGGCAA,A,AGTGAGCGGCAAA,PBMC_Donor2
SCIFI_RT384_plate4,round1,B04,SCIFI_RT384_304,A,ATGAGCCTGAT,A,AATGAGCCTGATA,PBMC_Donor2
SCIFI_RT384_plate4,round1,B05,SCIFI_RT384_305,A,TCGAAACGAGG,A,ATCGAAACGAGGA,PBMC_Donor2
SCIFI_RT384_plate4,round1,B06,SCIFI_RT384_306,A,GACAGTAGTCC,A,AGACAGTAGTCCA,PBMC_Donor2
SCIFI_RT384_plate4,round1,B07,SCIFI_RT384_307,A,TTTAGCTCGGT,A,ATTTAGCTCGGTA,PBMC_Donor2
SCIFI_RT384_plate4,round1,B08,SCIFI_RT384_308,A,GCTTGAGGACC,A,AGCTTGAGGACCA,PBMC_Donor2
SCIFI_RT384_plate4,round1,B09,SCIFI_RT384_309,A,ACAGACGCCTA,A,AACAGACGCCTAA,PBMC_Donor2
SCIFI_RT384_plate4,round1,B10,SCIFI_RT384_310,A,TTGGACAGGGC,A,ATTGGACAGGGCA,PBMC_Donor2
SCIFI_RT384_plate4,round1,B11,SCIFI_RT384_311,A,AAATTCAGTAT,A,AAAATTCAGTATA,PBMC_Donor2
SCIFI_RT384_plate4,round1,B12,SCIFI_RT384_312,A,CTGTCGAAATA,A,ACTGTCGAAATAA,PBMC_Donor2
SCIFI_RT384_plate4,round1,C01,SCIFI_RT384_313,T,TGGGTATCAGG,A,TTGGGTATCAGGA,PBMC_Donor3
SCIFI_RT384_plate4,round1,C02,SCIFI_RT384_314,T,GCTATCAGTCT,A,TGCTATCAGTCTA,PBMC_Donor3
SCIFI_RT384_plate4,round1,C03,SCIFI_RT384_315,T,AAGGCGGTAAG,A,TAAGGCGGTAAGA,PBMC_Donor3
SCIFI_RT384_plate4,round1,C04,SCIFI_RT384_316,T,CGATTGGGTTT,A,TCGATTGGGTTTA,PBMC_Donor3
SCIFI_RT384_plate4,round1,C05,SCIFI_RT384_317,T,TGCCCAGCATA,A,TTGCCCAGCATAA,PBMC_Donor3
SCIFI_RT384_plate4,round1,C06,SCIFI_RT384_318,T,GCACTGGGCGC,A,TGCACTGGGCGCA,PBMC_Donor3
SCIFI_RT384_plate4,round1,C07,SCIFI_RT384_319,T,ATGGGAATAAA,A,TATGGGAATAAAA,PBMC_Donor3
SCIFI_RT384_plate4,round1,C08,SCIFI_RT384_320,T,CTACCCGGTTG,A,TCTACCCGGTTGA,PBMC_Donor3
SCIFI_RT384_plate4,round1,C09,SCIFI_RT384_321,T,CATCCAGATCA,C,TCATCCAGATCAC,PBMC_Donor3
SCIFI_RT384_plate4,round1,C10,SCIFI_RT384_322,T,GAAGCAATTAG,C,TGAAGCAATTAGC,PBMC_Donor3
SCIFI_RT384_plate4,round1,C11,SCIFI_RT384_323,T,ATGGCGTCCTT,C,TATGGCGTCCTTC,PBMC_Donor3
SCIFI_RT384_plate4,round1,C12,SCIFI_RT384_324,T,CAATATATTGA,C,TCAATATATTGAC,PBMC_Donor3
SCIFI_RT384_plate4,round1,D01,SCIFI_RT384_325,T,TTGGACGACCG,C,TTTGGACGACCGC,PBMC_Donor4
SCIFI_RT384_plate4,round1,D02,SCIFI_RT384_326,T,GATTGACCAAA,C,TGATTGACCAAAC,PBMC_Donor4
SCIFI_RT384_plate4,round1,D03,SCIFI_RT384_327,T,CGAACATACCT,C,TCGAACATACCTC,PBMC_Donor4
SCIFI_RT384_plate4,round1,D04,SCIFI_RT384_328,T,TTCATCCAATA,C,TTTCATCCAATAC,PBMC_Donor4
SCIFI_RT384_plate4,round1,D05,SCIFI_RT384_329,T,GCGGGAAAGGC,C,TGCGGGAAAGGCC,PBMC_Donor4
SCIFI_RT384_plate4,round1,D06,SCIFI_RT384_330,T,CAGGGATCACT,C,TCAGGGATCACTC,PBMC_Donor4
SCIFI_RT384_plate4,round1,D07,SCIFI_RT384_331,T,GTGTTACTTCC,C,TGTGTTACTTCCC,PBMC_Donor4
SCIFI_RT384_plate4,round1,D08,SCIFI_RT384_332,T,ACGGGTGTTGA,C,TACGGGTGTTGAC,PBMC_Donor4
SCIFI_RT384_plate4,round1,D09,SCIFI_RT384_333,T,CCTGATGGTAG,C,TCCTGATGGTAGC,PBMC_Donor4
SCIFI_RT384_plate4,round1,D10,SCIFI_RT384_334,T,TTCGTGCTTTC,C,TTTCGTGCTTTCC,PBMC_Donor4
SCIFI_RT384_plate4,round1,D11,SCIFI_RT384_335,T,GACGCGACGAT,C,TGACGCGACGATC,PBMC_Donor4
SCIFI_RT384_plate4,round1,D12,SCIFI_RT384_336,T,ATTGTTAACGA,C,TATTGTTAACGAC,PBMC_Donor4
SCIFI_RT384_plate4,round1,E01,SCIFI_RT384_337,C,CAAGCGCGTCC,C,CCAAGCGCGTCCC,Tcell_Donor1
SCIFI_RT384_plate4,round1,E02,SCIFI_RT384_338,C,TTATCGTCAAG,C,CTTATCGTCAAGC,Tcell_Donor1
SCIFI_RT384_plate4,round1,E03,SCIFI_RT384_339,C,CTAGAAGTCGA,C,CCTAGAAGTCGAC,Tcell_Donor1
SCIFI_RT384_plate4,round1,E04,SCIFI_RT384_340,C,TCGGCATGATC,C,CTCGGCATGATCC,Tcell_Donor1
SCIFI_RT384_plate4,round1,E05,SCIFI_RT384_341,C,GACGGCGCACA,C,CGACGGCGCACAC,Tcell_Donor1
SCIFI_RT384_plate4,round1,E06,SCIFI_RT384_342,C,AGACCGTGGAC,C,CAGACCGTGGACC,Tcell_Donor1
SCIFI_RT384_plate4,round1,E07,SCIFI_RT384_343,C,CAGGTGACGGC,C,CCAGGTGACGGCC,Tcell_Donor1
SCIFI_RT384_plate4,round1,E08,SCIFI_RT384_344,C,TCGTGTCGGAG,C,CTCGTGTCGGAGC,Tcell_Donor1
SCIFI_RT384_plate4,round1,E09,SCIFI_RT384_345,C,TTTCGTGTAGA,C,CTTTCGTGTAGAC,Tcell_Donor1
SCIFI_RT384_plate4,round1,E10,SCIFI_RT384_346,C,GCCAGTGCTTT,C,CGCCAGTGCTTTC,Tcell_Donor1
SCIFI_RT384_plate4,round1,E11,SCIFI_RT384_347,C,ATGTTGCGGGA,C,CATGTTGCGGGAC,Tcell_Donor1
SCIFI_RT384_plate4,round1,E12,SCIFI_RT384_348,C,CGCTTGTATAG,C,CCGCTTGTATAGC,Tcell_Donor1
SCIFI_RT384_plate4,round1,F01,SCIFI_RT384_349,C,TCGTCACTGGC,C,CTCGTCACTGGCC,Tcell_Donor2
SCIFI_RT384_plate4,round1,F02,SCIFI_RT384_350,C,GCTTTTACTGA,C,CGCTTTTACTGAC,Tcell_Donor2
SCIFI_RT384_plate4,round1,F03,SCIFI_RT384_351,C,AGCAGGGACGC,C,CAGCAGGGACGCC,Tcell_Donor2
SCIFI_RT384_plate4,round1,F04,SCIFI_RT384_352,C,CCGCTCGACTA,C,CCCGCTCGACTAC,Tcell_Donor2
SCIFI_RT384_plate4,round1,F05,SCIFI_RT384_353,C,TTCTGATTTTG,G,CTTCTGATTTTGG,Tcell_Donor2
SCIFI_RT384_plate4,round1,F06,SCIFI_RT384_354,C,GATGTGCGTGT,G,CGATGTGCGTGTG,Tcell_Donor2
SCIFI_RT384_plate4,round1,F07,SCIFI_RT384_355,C,ACCCCGCTCCT,G,CACCCCGCTCCTG,Tcell_Donor2
SCIFI_RT384_plate4,round1,F08,SCIFI_RT384_356,C,CAGATTGTAAC,G,CCAGATTGTAACG,Tcell_Donor2
SCIFI_RT384_plate4,round1,F09,SCIFI_RT384_357,C,TGCTCCACCAA,G,CTGCTCCACCAAG,Tcell_Donor2
SCIFI_RT384_plate4,round1,F10,SCIFI_RT384_358,C,GCGATATTCGG,G,CGCGATATTCGGG,Tcell_Donor2
SCIFI_RT384_plate4,round1,F11,SCIFI_RT384_359,C,ACAGGGGCAAC,G,CACAGGGGCAACG,Tcell_Donor2
SCIFI_RT384_plate4,round1,F12,SCIFI_RT384_360,C,CTCTGATCCGT,G,CCTCTGATCCGTG,Tcell_Donor2
SCIFI_RT384_plate4,round1,G01,SCIFI_RT384_361,G,TCATTGACTTG,G,GTCATTGACTTGG,Tcell_Donor3
SCIFI_RT384_plate4,round1,G02,SCIFI_RT384_362,G,GGAAATCGTAC,G,GGGAAATCGTACG,Tcell_Donor3
SCIFI_RT384_plate4,round1,G03,SCIFI_RT384_363,G,AACTTACTGCG,G,GAACTTACTGCGG,Tcell_Donor3
SCIFI_RT384_plate4,round1,G04,SCIFI_RT384_364,G,CGACGGATTAA,G,GCGACGGATTAAG,Tcell_Donor3
SCIFI_RT384_plate4,round1,G05,SCIFI_RT384_365,G,TTGCGATGTCC,G,GTTGCGATGTCCG,Tcell_Donor3
SCIFI_RT384_plate4,round1,G06,SCIFI_RT384_366,G,GGATCGCACAG,G,GGGATCGCACAGG,Tcell_Donor3
SCIFI_RT384_plate4,round1,G07,SCIFI_RT384_367,G,ACCAAATTGTA,G,GACCAAATTGTAG,Tcell_Donor3
SCIFI_RT384_plate4,round1,G08,SCIFI_RT384_368,G,CTGGTCAGTTT,G,GCTGGTCAGTTTG,Tcell_Donor3
SCIFI_RT384_plate4,round1,G09,SCIFI_RT384_369,G,GCCAAGGCGCC,G,GGCCAAGGCGCCG,Tcell_Donor3
SCIFI_RT384_plate4,round1,G10,SCIFI_RT384_370,G,ATGTAAGTCTT,G,GATGTAAGTCTTG,Tcell_Donor3
SCIFI_RT384_plate4,round1,G11,SCIFI_RT384_371,G,GGTGCTCCACA,G,GGGTGCTCCACAG,Tcell_Donor3
SCIFI_RT384_plate4,round1,G12,SCIFI_RT384_372,G,CTGGTAGAGGT,G,GCTGGTAGAGGTG,Tcell_Donor3
SCIFI_RT384_plate4,round1,H01,SCIFI_RT384_373,G,GCAGATTCCAG,G,GGCAGATTCCAGG,Tcell_Donor4
SCIFI_RT384_plate4,round1,H02,SCIFI_RT384_374,G,ATGGTTGCAAT,G,GATGGTTGCAATG,Tcell_Donor4
SCIFI_RT384_plate4,round1,H03,SCIFI_RT384_375,G,GCGGGTAGATA,G,GGCGGGTAGATAG,Tcell_Donor4
SCIFI_RT384_plate4,round1,H04,SCIFI_RT384_376,G,CCACTCTTGGG,G,GCCACTCTTGGGG,Tcell_Donor4
SCIFI_RT384_plate4,round1,H05,SCIFI_RT384_377,G,GTGAGGTATGT,G,GGTGAGGTATGTG,Tcell_Donor4
SCIFI_RT384_plate4,round1,H06,SCIFI_RT384_378,G,AACGTTTATAC,G,GAACGTTTATACG,Tcell_Donor4
SCIFI_RT384_plate4,round1,H07,SCIFI_RT384_379,G,GTGCCGCCAGC,G,GGTGCCGCCAGCG,Tcell_Donor4
SCIFI_RT384_plate4,round1,H08,SCIFI_RT384_380,G,CGCGTTACTCA,G,GCGCGTTACTCAG,Tcell_Donor4
SCIFI_RT384_plate4,round1,H09,SCIFI_RT384_381,G,TGATTGATGGA,G,GTGATTGATGGAG,Tcell_Donor4
SCIFI_RT384_plate4,round1,H10,SCIFI_RT384_382,G,GTTACGGGCCG,G,GGTTACGGGCCGG,Tcell_Donor4
SCIFI_RT384_plate4,round1,H11,SCIFI_RT384_383,G,ACCAGCATACA,G,GACCAGCATACAG,Tcell_Donor4
SCIFI_RT384_plate4,round1,H12,SCIFI_RT384_384,G,CGAGTTTAATG,G,GCGAGTTTAATGG,Tcell_Donor4
