protocol_version,flavour,barcode_type,oligo_ID,oligo_seq[5'>3'],barcode_sequence,reverse,comment,exclude
v2018-05-22,both,round1,22-5_RT_001,TGATTGCTTGTGACGCCTTCNNNNNNNNAGTGATTAGCATTTTTTTTTTTTTTTTTTTTTTTTTTTTTTVN,AGTGATTAGCA,FALSE,,FALSE
v2018-05-22,both,round1,22-5_RT_002,TGATTGCTTGTGACGCCTTCNNNNNNNNGAATCCCCCTATTTTTTTTTTTTTTTTTTTTTTTTTTTTTTVN,GAATCCCCCTA,FALSE,,FALSE
v2018-05-22,both,round1,22-5_RT_003,TGATTGCTTGTGACGCCTTCNNNNNNNNCCTGGGAAACTTTTTTTTTTTTTTTTTTTTTTTTTTTTTTTVN,CCTGGGAAACT,FALSE,,FALSE
v2018-05-22,both,round1,22-5_RT_004,TGATTGCTTGTGACGCCTTCNNNNNNNNTACCTCCCAGGTTTTTTTTTTTTTTTTTTTTTTTTTTTTTTVN,TACCTCCCAGG,FALSE,,FALSE
v2018-05-22,both,round1,22-5_RT_005,TGATTGCTTGTGACGCCTTCNNNNNNNNATTTGTGGTATTTTTTTTTTTTTTTTTTTTTTTTTTTTTTTVN,ATTTGTGGTAT,FALSE,,FALSE
v2018-05-22,both,round1,22-5_RT_006,TGATTGCTTGTGACGCCTTCNNNNNNNNCCCGAGAGATCTTTTTTTTTTTTTTTTTTTTTTTTTTTTTTVN,CCCGAGAGATC,FALSE,,FALSE
v2018-05-22,both,round1,22-5_RT_007,TGATTGCTTGTGACGCCTTCNNNNNNNNGAGTATAGGGTTTTTTTTTTTTTTTTTTTTTTTTTTTTTTTVN,GAGTATAGGGT,FALSE,,FALSE
v2018-05-22,both,round1,22-5_RT_008,TGATTGCTTGTGACGCCTTCNNNNNNNNTCTTAATTGAGTTTTTTTTTTTTTTTTTTTTTTTTTTTTTTVN,TCTTAATTGAG,FALSE,,FALSE
v2018-05-22,both,round1,22-5_RT_009,TGATTGCTTGTGACGCCTTCNNNNNNNNACGTTCTGTCGTTTTTTTTTTTTTTTTTTTTTTTTTTTTTTVN,ACGTTCTGTCG,FALSE,,FALSE
v2018-05-22,both,round1,22-5_RT_010,TGATTGCTTGTGACGCCTTCNNNNNNNNCATAATGGCGATTTTTTTTTTTTTTTTTTTTTTTTTTTTTTVN,CATAATGGCGA,FALSE,,FALSE
v2018-05-22,both,round1,22-5_RT_011,TGATTGCTTGTGACGCCTTCNNNNNNNNGGCCGGAACATTTTTTTTTTTTTTTTTTTTTTTTTTTTTTTVN,GGCCGGAACAT,FALSE,,FALSE
v2018-05-22,both,round1,22-5_RT_012,TGATTGCTTGTGACGCCTTCNNNNNNNNTCACTTCAAGATTTTTTTTTTTTTTTTTTTTTTTTTTTTTTVN,TCACTTCAAGA,FALSE,,FALSE
v2018-05-22,both,round1,22-5_RT_013,TGATTGCTTGTGACGCCTTCNNNNNNNNAGCTGGCCTTCTTTTTTTTTTTTTTTTTTTTTTTTTTTTTTVN,AGCTGGCCTTC,FALSE,,FALSE
v2018-05-22,both,round1,22-5_RT_014,TGATTGCTTGTGACGCCTTCNNNNNNNNCTGCACATTGGTTTTTTTTTTTTTTTTTTTTTTTTTTTTTTVN,CTGCACATTGG,FALSE,,FALSE
v2018-05-22,both,round1,22-5_RT_015,TGATTGCTTGTGACGCCTTCNNNNNNNNGGTCCTTCGATTTTTTTTTTTTTTTTTTTTTTTTTTTTTTTVN,GGTCCTTCGAT,FALSE,,FALSE
v2018-05-22,both,round1,22-5_RT_016,TGATTGCTTGTGACGCCTTCNNNNNNNNTTCGCACCCGATTTTTTTTTTTTTTTTTTTTTTTTTTTTTTVN,TTCGCACCCGA,FALSE,,FALSE
v2018-05-22,both,round1,22-5_RT_017,TGATTGCTTGTGACGCCTTCNNNNNNNNCCGTAAATTACTTTTTTTTTTTTTTTTTTTTTTTTTTTTTTVN,CCGTAAATTAC,FALSE,,FALSE
v2018-05-22,both,round1,22-5_RT_018,TGATTGCTTGTGACGCCTTCNNNNNNNNGTAGTCGATATTTTTTTTTTTTTTTTTTTTTTTTTTTTTTTVN,GTAGTCGATAT,FALSE,,FALSE
v2018-05-22,both,round1,22-5_RT_019,TGATTGCTTGTGACGCCTTCNNNNNNNNTGTAAGAATCATTTTTTTTTTTTTTTTTTTTTTTTTTTTTTVN,TGTAAGAATCA,FALSE,,FALSE
v2018-05-22,both,round1,22-5_RT_020,TGATTGCTTGTGACGCCTTCNNNNNNNNAGGCCCGCCGTTTTTTTTTTTTTTTTTTTTTTTTTTTTTTTVN,AGGCCCGCCGT,FALSE,,FALSE
v2018-05-22,both,round1,22-5_RT_021,TGATTGCTTGTGACGCCTTCNNNNNNNNCTCCACGCAAGTTTTTTTTTTTTTTTTTTTTTTTTTTTTTTVN,CTCCACGCAAG,FALSE,,FALSE
v2018-05-22,both,round1,22-5_RT_022,TGATTGCTTGTGACGCCTTCNNNNNNNNGTCTTTGATTATTTTTTTTTTTTTTTTTTTTTTTTTTTTTTVN,GTCTTTGATTA,FALSE,,FALSE
v2018-05-22,both,round1,22-5_RT_023,TGATTGCTTGTGACGCCTTCNNNNNNNNTAGAGCCCGCCTTTTTTTTTTTTTTTTTTTTTTTTTTTTTTVN,TAGAGCCCGCC,FALSE,,FALSE
v2018-05-22,both,round1,22-5_RT_024,TGATTGCTTGTGACGCCTTCNNNNNNNNAGAAATGGAGGTTTTTTTTTTTTTTTTTTTTTTTTTTTTTTVN,AGAAATGGAGG,FALSE,,FALSE
v2018-05-22,both,round1,22-5_RT_025,TGATTGCTTGTGACGCCTTCNNNNNNNNCAGCGCTGGTTTTTTTTTTTTTTTTTTTTTTTTTTTTTTTTVN,CAGCGCTGGTT,FALSE,,FALSE
v2018-05-22,both,round1,22-5_RT_026,TGATTGCTTGTGACGCCTTCNNNNNNNNGTTGACGAATATTTTTTTTTTTTTTTTTTTTTTTTTTTTTTVN,GTTGACGAATA,FALSE,,FALSE
v2018-05-22,both,round1,22-5_RT_027,TGATTGCTTGTGACGCCTTCNNNNNNNNTGCATCAGCGCTTTTTTTTTTTTTTTTTTTTTTTTTTTTTTVN,TGCATCAGCGC,FALSE,,FALSE
v2018-05-22,both,round1,22-5_RT_028,TGATTGCTTGTGACGCCTTCNNNNNNNNAGCCATATGAGTTTTTTTTTTTTTTTTTTTTTTTTTTTTTTVN,AGCCATATGAG,FALSE,,FALSE
v2018-05-22,both,round1,22-5_RT_029,TGATTGCTTGTGACGCCTTCNNNNNNNNCCTGCCCCTGTTTTTTTTTTTTTTTTTTTTTTTTTTTTTTTVN,CCTGCCCCTGT,FALSE,,FALSE
v2018-05-22,both,round1,22-5_RT_030,TGATTGCTTGTGACGCCTTCNNNNNNNNGGTATAAAACCTTTTTTTTTTTTTTTTTTTTTTTTTTTTTTVN,GGTATAAAACC,FALSE,,FALSE
v2018-05-22,both,round1,22-5_RT_031,TGATTGCTTGTGACGCCTTCNNNNNNNNTAAAGTCATGCTTTTTTTTTTTTTTTTTTTTTTTTTTTTTTVN,TAAAGTCATGC,FALSE,,FALSE
v2018-05-22,both,round1,22-5_RT_032,TGATTGCTTGTGACGCCTTCNNNNNNNNAGAACTCAGAATTTTTTTTTTTTTTTTTTTTTTTTTTTTTTVN,AGAACTCAGAA,FALSE,,FALSE
v2018-05-22,both,round1,22-5_RT_033,TGATTGCTTGTGACGCCTTCNNNNNNNNCAGCTTAATCGTTTTTTTTTTTTTTTTTTTTTTTTTTTTTTVN,CAGCTTAATCG,FALSE,,FALSE
v2018-05-22,both,round1,22-5_RT_034,TGATTGCTTGTGACGCCTTCNNNNNNNNGGCTTAAGAGATTTTTTTTTTTTTTTTTTTTTTTTTTTTTTVN,GGCTTAAGAGA,FALSE,,FALSE
v2018-05-22,both,round1,22-5_RT_035,TGATTGCTTGTGACGCCTTCNNNNNNNNTCACCTGTCGGTTTTTTTTTTTTTTTTTTTTTTTTTTTTTTVN,TCACCTGTCGG,FALSE,,FALSE
v2018-05-22,both,round1,22-5_RT_036,TGATTGCTTGTGACGCCTTCNNNNNNNNATAGTGATACTTTTTTTTTTTTTTTTTTTTTTTTTTTTTTTVN,ATAGTGATACT,FALSE,,FALSE
v2018-05-22,both,round1,22-5_RT_037,TGATTGCTTGTGACGCCTTCNNNNNNNNCATCAGCGAACTTTTTTTTTTTTTTTTTTTTTTTTTTTTTTVN,CATCAGCGAAC,FALSE,,FALSE
v2018-05-22,both,round1,22-5_RT_038,TGATTGCTTGTGACGCCTTCNNNNNNNNGCGCCATGGGATTTTTTTTTTTTTTTTTTTTTTTTTTTTTTVN,GCGCCATGGGA,FALSE,,FALSE
v2018-05-22,both,round1,22-5_RT_039,TGATTGCTTGTGACGCCTTCNNNNNNNNTGTTGAACTCCTTTTTTTTTTTTTTTTTTTTTTTTTTTTTTVN,TGTTGAACTCC,FALSE,,FALSE
v2018-05-22,both,round1,22-5_RT_040,TGATTGCTTGTGACGCCTTCNNNNNNNNATATACGCAGTTTTTTTTTTTTTTTTTTTTTTTTTTTTTTTVN,ATATACGCAGT,FALSE,,FALSE
v2018-05-22,both,round1,22-5_RT_041,TGATTGCTTGTGACGCCTTCNNNNNNNNCGCACGACGTATTTTTTTTTTTTTTTTTTTTTTTTTTTTTTVN,CGCACGACGTA,FALSE,,FALSE
v2018-05-22,both,round1,22-5_RT_042,TGATTGCTTGTGACGCCTTCNNNNNNNNGGGACAGAAGGTTTTTTTTTTTTTTTTTTTTTTTTTTTTTTVN,GGGACAGAAGG,FALSE,,FALSE
v2018-05-22,both,round1,22-5_RT_043,TGATTGCTTGTGACGCCTTCNNNNNNNNTTAACAAGTATTTTTTTTTTTTTTTTTTTTTTTTTTTTTTTVN,TTAACAAGTAT,FALSE,,FALSE
v2018-05-22,both,round1,22-5_RT_044,TGATTGCTTGTGACGCCTTCNNNNNNNNACTCCTGGGTATTTTTTTTTTTTTTTTTTTTTTTTTTTTTTVN,ACTCCTGGGTA,FALSE,,FALSE
v2018-05-22,both,round1,22-5_RT_045,TGATTGCTTGTGACGCCTTCNNNNNNNNCAGAAAACCCCTTTTTTTTTTTTTTTTTTTTTTTTTTTTTTVN,CAGAAAACCCC,FALSE,,FALSE
v2018-05-22,both,round1,22-5_RT_046,TGATTGCTTGTGACGCCTTCNNNNNNNNGCACGAGCAGTTTTTTTTTTTTTTTTTTTTTTTTTTTTTTTVN,GCACGAGCAGT,FALSE,,FALSE
v2018-05-22,both,round1,22-5_RT_047,TGATTGCTTGTGACGCCTTCNNNNNNNNTATTATGCTTCTTTTTTTTTTTTTTTTTTTTTTTTTTTTTTVN,TATTATGCTTC,FALSE,,FALSE
v2018-05-22,both,round1,22-5_RT_048,TGATTGCTTGTGACGCCTTCNNNNNNNNAGCGACTGTATTTTTTTTTTTTTTTTTTTTTTTTTTTTTTTVN,AGCGACTGTAT,FALSE,,FALSE
v2018-05-22,both,round1,22-5_RT_049,TGATTGCTTGTGACGCCTTCNNNNNNNNCCTTGCGACAGTTTTTTTTTTTTTTTTTTTTTTTTTTTTTTVN,CCTTGCGACAG,FALSE,,FALSE
v2018-05-22,both,round1,22-5_RT_050,TGATTGCTTGTGACGCCTTCNNNNNNNNGTTAGATTGCATTTTTTTTTTTTTTTTTTTTTTTTTTTTTTVN,GTTAGATTGCA,FALSE,,FALSE
v2018-05-22,both,round1,22-5_RT_051,TGATTGCTTGTGACGCCTTCNNNNNNNNTAAATACCATCTTTTTTTTTTTTTTTTTTTTTTTTTTTTTTVN,TAAATACCATC,FALSE,,FALSE
v2018-05-22,both,round1,22-5_RT_052,TGATTGCTTGTGACGCCTTCNNNNNNNNATATTTTTTAGTTTTTTTTTTTTTTTTTTTTTTTTTTTTTTVN,ATATTTTTTAG,FALSE,,FALSE
v2018-05-22,both,round1,22-5_RT_053,TGATTGCTTGTGACGCCTTCNNNNNNNNCCCTAAACGCTTTTTTTTTTTTTTTTTTTTTTTTTTTTTTTVN,CCCTAAACGCT,FALSE,,FALSE
v2018-05-22,both,round1,22-5_RT_054,TGATTGCTTGTGACGCCTTCNNNNNNNNGATTGTTAGGATTTTTTTTTTTTTTTTTTTTTTTTTTTTTTVN,GATTGTTAGGA,FALSE,,FALSE
v2018-05-22,both,round1,22-5_RT_055,TGATTGCTTGTGACGCCTTCNNNNNNNNTACCGAGTCTCTTTTTTTTTTTTTTTTTTTTTTTTTTTTTTVN,TACCGAGTCTC,FALSE,,FALSE
v2018-05-22,both,round1,22-5_RT_056,TGATTGCTTGTGACGCCTTCNNNNNNNNAGAACAAATTGTTTTTTTTTTTTTTTTTTTTTTTTTTTTTTVN,AGAACAAATTG,FALSE,,FALSE
v2018-05-22,both,round1,22-5_RT_057,TGATTGCTTGTGACGCCTTCNNNNNNNNCTTGATCTCATTTTTTTTTTTTTTTTTTTTTTTTTTTTTTTVN,CTTGATCTCAT,FALSE,,FALSE
v2018-05-22,both,round1,22-5_RT_058,TGATTGCTTGTGACGCCTTCNNNNNNNNGCCACGCGTTATTTTTTTTTTTTTTTTTTTTTTTTTTTTTTVN,GCCACGCGTTA,FALSE,,FALSE
v2018-05-22,both,round1,22-5_RT_059,TGATTGCTTGTGACGCCTTCNNNNNNNNTATAGATACGGTTTTTTTTTTTTTTTTTTTTTTTTTTTTTTVN,TATAGATACGG,FALSE,,FALSE
v2018-05-22,both,round1,22-5_RT_060,TGATTGCTTGTGACGCCTTCNNNNNNNNATACCCAGCCATTTTTTTTTTTTTTTTTTTTTTTTTTTTTTVN,ATACCCAGCCA,FALSE,,FALSE
v2018-05-22,both,round2,22-5_Tn5_dark_001,GTCTCGTGGGCTCGGCTGTCCCTGTCCCCCCCCAGTAAACCCACCGTCTCCGCCTCAGATGTGTATAAGAGACAG,AGTAAACC,FALSE,,FALSE
v2018-05-22,both,round2,22-5_Tn5_dark_002,GTCTCGTGGGCTCGGCTGTCCCTGTCCCCCCCCTCATGAAACACCGTCTCCGCCTCAGATGTGTATAAGAGACAG,TCATGAAA,FALSE,,FALSE
v2018-05-22,both,round2,22-5_Tn5_dark_003,GTCTCGTGGGCTCGGCTGTCCCTGTCCCCCCCCCAGTACTGCACCGTCTCCGCCTCAGATGTGTATAAGAGACAG,CAGTACTG,FALSE,,FALSE
v2018-05-22,both,round2,22-5_Tn5_dark_004,GTCTCGTGGGCTCGGCTGTCCCTGTCCCCCCCCGAATCATACACCGTCTCCGCCTCAGATGTGTATAAGAGACAG,GAATCATA,FALSE,,FALSE
v2018-05-22,both,round2,22-5_Tn5_dark_005,GTCTCGTGGGCTCGGCTGTCCCTGTCCCCCCCCTCACCTAGCACCGTCTCCGCCTCAGATGTGTATAAGAGACAG,TCACCTAG,FALSE,,FALSE
v2018-05-22,both,round2,22-5_Tn5_dark_006,GTCTCGTGGGCTCGGCTGTCCCTGTCCCCCCCCACATAGCGCACCGTCTCCGCCTCAGATGTGTATAAGAGACAG,ACATAGCG,FALSE,,FALSE
v2018-05-22,both,round2,22-5_Tn5_dark_007,GTCTCGTGGGCTCGGCTGTCCCTGTCCCCCCCCACCTCTGTCACCGTCTCCGCCTCAGATGTGTATAAGAGACAG,ACCTCTGT,FALSE,,FALSE
v2018-05-22,both,round2,22-5_Tn5_dark_008,GTCTCGTGGGCTCGGCTGTCCCTGTCCCCCCCCGGAGATGCCACCGTCTCCGCCTCAGATGTGTATAAGAGACAG,GGAGATGC,FALSE,,FALSE
v2018-05-22,both,round2,22-5_Tn5_dark_009,GTCTCGTGGGCTCGGCTGTCCCTGTCCCCCCCCCTTTAAGACACCGTCTCCGCCTCAGATGTGTATAAGAGACAG,CTTTAAGA,FALSE,,FALSE
v2018-05-22,both,round2,22-5_Tn5_dark_010,GTCTCGTGGGCTCGGCTGTCCCTGTCCCCCCCCAGGGTTTCCACCGTCTCCGCCTCAGATGTGTATAAGAGACAG,AGGGTTTC,FALSE,,FALSE
v2018-05-22,both,round2,22-5_Tn5_dark_011,GTCTCGTGGGCTCGGCTGTCCCTGTCCCCCCCCGACCGGACCACCGTCTCCGCCTCAGATGTGTATAAGAGACAG,GACCGGAC,FALSE,,FALSE
v2018-05-22,both,round2,22-5_Tn5_dark_012,GTCTCGTGGGCTCGGCTGTCCCTGTCCCCCCCCGTTCCACTCACCGTCTCCGCCTCAGATGTGTATAAGAGACAG,GTTCCACT,FALSE,,FALSE
v2018-05-22,both,round2,22-5_Tn5_dark_013,GTCTCGTGGGCTCGGCTGTCCCTGTCCCCCCCCAAGATTACCACCGTCTCCGCCTCAGATGTGTATAAGAGACAG,AAGATTAC,FALSE,,FALSE
v2018-05-22,both,round2,22-5_Tn5_dark_014,GTCTCGTGGGCTCGGCTGTCCCTGTCCCCCCCCGAAGAGTACACCGTCTCCGCCTCAGATGTGTATAAGAGACAG,GAAGAGTA,FALSE,,FALSE
v2018-05-22,both,round2,22-5_Tn5_dark_015,GTCTCGTGGGCTCGGCTGTCCCTGTCCCCCCCCTAATACACCACCGTCTCCGCCTCAGATGTGTATAAGAGACAG,TAATACAC,FALSE,,FALSE
v2018-05-22,both,round2,22-5_Tn5_dark_016,GTCTCGTGGGCTCGGCTGTCCCTGTCCCCCCCCTATGAAGTCACCGTCTCCGCCTCAGATGTGTATAAGAGACAG,TATGAAGT,FALSE,,FALSE
v2018-05-22,both,round2,22-5_Tn5_dark_017,GTCTCGTGGGCTCGGCTGTCCCTGTCCCCCCCCCCATTATTCACCGTCTCCGCCTCAGATGTGTATAAGAGACAG,CCATTATT,FALSE,,FALSE
v2018-05-22,both,round2,22-5_Tn5_dark_018,GTCTCGTGGGCTCGGCTGTCCCTGTCCCCCCCCGATTAACGCACCGTCTCCGCCTCAGATGTGTATAAGAGACAG,GATTAACG,FALSE,,FALSE
v2018-05-22,both,round2,22-5_Tn5_dark_019,GTCTCGTGGGCTCGGCTGTCCCTGTCCCCCCCCTGAGGTTTCACCGTCTCCGCCTCAGATGTGTATAAGAGACAG,TGAGGTTT,FALSE,,FALSE
v2018-05-22,both,round2,22-5_Tn5_dark_020,GTCTCGTGGGCTCGGCTGTCCCTGTCCCCCCCCAGCACTTTCACCGTCTCCGCCTCAGATGTGTATAAGAGACAG,AGCACTTT,FALSE,,FALSE
v2018-05-22,both,round2,22-5_Tn5_dark_021,GTCTCGTGGGCTCGGCTGTCCCTGTCCCCCCCCAGTTACAGCACCGTCTCCGCCTCAGATGTGTATAAGAGACAG,AGTTACAG,FALSE,,FALSE
v2018-05-22,both,round2,22-5_Tn5_dark_022,GTCTCGTGGGCTCGGCTGTCCCTGTCCCCCCCCCATACGGTCACCGTCTCCGCCTCAGATGTGTATAAGAGACAG,CATACGGT,FALSE,,FALSE
v2018-05-22,both,round2,22-5_Tn5_dark_023,GTCTCGTGGGCTCGGCTGTCCCTGTCCCCCCCCTGAGGAACCACCGTCTCCGCCTCAGATGTGTATAAGAGACAG,TGAGGAAC,FALSE,,FALSE
v2018-05-22,both,round2,22-5_Tn5_dark_024,GTCTCGTGGGCTCGGCTGTCCCTGTCCCCCCCCTGGTGGTACACCGTCTCCGCCTCAGATGTGTATAAGAGACAG,TGGTGGTA,FALSE,,FALSE
v2018-05-22,both,round2,22-5_Tn5_dark_025,GTCTCGTGGGCTCGGCTGTCCCTGTCCCCCCCCATAAGTGGCACCGTCTCCGCCTCAGATGTGTATAAGAGACAG,ATAAGTGG,FALSE,,FALSE
v2018-05-22,both,round2,22-5_Tn5_dark_026,GTCTCGTGGGCTCGGCTGTCCCTGTCCCCCCCCGGTCTAGGCACCGTCTCCGCCTCAGATGTGTATAAGAGACAG,GGTCTAGG,FALSE,,FALSE
v2018-05-22,both,round2,22-5_Tn5_dark_027,GTCTCGTGGGCTCGGCTGTCCCTGTCCCCCCCCACGGCTGACACCGTCTCCGCCTCAGATGTGTATAAGAGACAG,ACGGCTGA,FALSE,,FALSE
v2018-05-22,both,round2,22-5_Tn5_dark_028,GTCTCGTGGGCTCGGCTGTCCCTGTCCCCCCCCTGAATTGTCACCGTCTCCGCCTCAGATGTGTATAAGAGACAG,TGAATTGT,FALSE,,FALSE
v2018-05-22,both,round2,22-5_Tn5_dark_029,GTCTCGTGGGCTCGGCTGTCCCTGTCCCCCCCCTCAAGTCGCACCGTCTCCGCCTCAGATGTGTATAAGAGACAG,TCAAGTCG,FALSE,,FALSE
v2018-05-22,both,round2,22-5_Tn5_dark_030,GTCTCGTGGGCTCGGCTGTCCCTGTCCCCCCCCGAAGTAATCACCGTCTCCGCCTCAGATGTGTATAAGAGACAG,GAAGTAAT,FALSE,,FALSE
v2018-05-22,both,round2,22-5_Tn5_dark_031,GTCTCGTGGGCTCGGCTGTCCCTGTCCCCCCCCCGAGAGACCACCGTCTCCGCCTCAGATGTGTATAAGAGACAG,CGAGAGAC,FALSE,,FALSE
v2018-05-22,both,round2,22-5_Tn5_dark_032,GTCTCGTGGGCTCGGCTGTCCCTGTCCCCCCCCTTCTCAACCACCGTCTCCGCCTCAGATGTGTATAAGAGACAG,TTCTCAAC,FALSE,,FALSE
v2018-05-22,both,round2,22-5_Tn5_dark_033,GTCTCGTGGGCTCGGCTGTCCCTGTCCCCCCCCTTCTGCGCCACCGTCTCCGCCTCAGATGTGTATAAGAGACAG,TTCTGCGC,FALSE,,FALSE
v2018-05-22,both,round2,22-5_Tn5_dark_034,GTCTCGTGGGCTCGGCTGTCCCTGTCCCCCCCCCACTGAGACACCGTCTCCGCCTCAGATGTGTATAAGAGACAG,CACTGAGA,FALSE,,FALSE
v2018-05-22,both,round2,22-5_Tn5_dark_035,GTCTCGTGGGCTCGGCTGTCCCTGTCCCCCCCCAGATCCTCCACCGTCTCCGCCTCAGATGTGTATAAGAGACAG,AGATCCTC,FALSE,,FALSE
v2018-05-22,both,round2,22-5_Tn5_dark_036,GTCTCGTGGGCTCGGCTGTCCCTGTCCCCCCCCAAACGAGACACCGTCTCCGCCTCAGATGTGTATAAGAGACAG,AAACGAGA,FALSE,,FALSE
v2018-05-22,both,round2,22-5_Tn5_001,GTCTCGTGGGCTCGGCTGTCCCTGTCCAGTAAACCCACCGTCTCCGCCTCAGATGTGTATAAGAGACAG,AGTAAACC,FALSE,,FALSE
v2018-05-22,both,round2,22-5_Tn5_002,GTCTCGTGGGCTCGGCTGTCCCTGTCCTCATGAAACACCGTCTCCGCCTCAGATGTGTATAAGAGACAG,TCATGAAA,FALSE,,FALSE
v2018-05-22,both,round2,22-5_Tn5_003,GTCTCGTGGGCTCGGCTGTCCCTGTCCCAGTACTGCACCGTCTCCGCCTCAGATGTGTATAAGAGACAG,CAGTACTG,FALSE,,FALSE
v2018-05-22,both,round2,22-5_Tn5_004,GTCTCGTGGGCTCGGCTGTCCCTGTCCGAATCATACACCGTCTCCGCCTCAGATGTGTATAAGAGACAG,GAATCATA,FALSE,,FALSE
v2018-05-22,both,round2,22-5_Tn5_005,GTCTCGTGGGCTCGGCTGTCCCTGTCCTCACCTAGCACCGTCTCCGCCTCAGATGTGTATAAGAGACAG,TCACCTAG,FALSE,,FALSE
v2018-05-22,both,round2,22-5_Tn5_006,GTCTCGTGGGCTCGGCTGTCCCTGTCCACATAGCGCACCGTCTCCGCCTCAGATGTGTATAAGAGACAG,ACATAGCG,FALSE,,FALSE
v2018-05-22,both,round2,22-5_Tn5_007,GTCTCGTGGGCTCGGCTGTCCCTGTCCACCTCTGTCACCGTCTCCGCCTCAGATGTGTATAAGAGACAG,ACCTCTGT,FALSE,,FALSE
v2018-05-22,both,round2,22-5_Tn5_008,GTCTCGTGGGCTCGGCTGTCCCTGTCCGGAGATGCCACCGTCTCCGCCTCAGATGTGTATAAGAGACAG,GGAGATGC,FALSE,,FALSE
v2018-05-22,both,round2,22-5_Tn5_009,GTCTCGTGGGCTCGGCTGTCCCTGTCCCTTTAAGACACCGTCTCCGCCTCAGATGTGTATAAGAGACAG,CTTTAAGA,FALSE,,FALSE
v2018-05-22,both,round2,22-5_Tn5_010,GTCTCGTGGGCTCGGCTGTCCCTGTCCAGGGTTTCCACCGTCTCCGCCTCAGATGTGTATAAGAGACAG,AGGGTTTC,FALSE,,FALSE
v2018-05-22,both,round2,22-5_Tn5_011,GTCTCGTGGGCTCGGCTGTCCCTGTCCGACCGGACCACCGTCTCCGCCTCAGATGTGTATAAGAGACAG,GACCGGAC,FALSE,,FALSE
v2018-05-22,both,round2,22-5_Tn5_012,GTCTCGTGGGCTCGGCTGTCCCTGTCCGTTCCACTCACCGTCTCCGCCTCAGATGTGTATAAGAGACAG,GTTCCACT,FALSE,,FALSE
v2018-05-22,both,round2,22-5_Tn5_013,GTCTCGTGGGCTCGGCTGTCCCTGTCCAAGATTACCACCGTCTCCGCCTCAGATGTGTATAAGAGACAG,AAGATTAC,FALSE,,FALSE
v2018-05-22,both,round2,22-5_Tn5_014,GTCTCGTGGGCTCGGCTGTCCCTGTCCGAAGAGTACACCGTCTCCGCCTCAGATGTGTATAAGAGACAG,GAAGAGTA,FALSE,,FALSE
v2018-05-22,both,round2,22-5_Tn5_015,GTCTCGTGGGCTCGGCTGTCCCTGTCCTAATACACCACCGTCTCCGCCTCAGATGTGTATAAGAGACAG,TAATACAC,FALSE,,FALSE
v2018-05-22,both,round2,22-5_Tn5_016,GTCTCGTGGGCTCGGCTGTCCCTGTCCTATGAAGTCACCGTCTCCGCCTCAGATGTGTATAAGAGACAG,TATGAAGT,FALSE,,FALSE
v2018-05-22,both,round2,22-5_Tn5_017,GTCTCGTGGGCTCGGCTGTCCCTGTCCCCATTATTCACCGTCTCCGCCTCAGATGTGTATAAGAGACAG,CCATTATT,FALSE,,FALSE
v2018-05-22,both,round2,22-5_Tn5_018,GTCTCGTGGGCTCGGCTGTCCCTGTCCGATTAACGCACCGTCTCCGCCTCAGATGTGTATAAGAGACAG,GATTAACG,FALSE,,FALSE
v2018-05-22,both,round2,22-5_Tn5_019,GTCTCGTGGGCTCGGCTGTCCCTGTCCTGAGGTTTCACCGTCTCCGCCTCAGATGTGTATAAGAGACAG,TGAGGTTT,FALSE,,FALSE
v2018-05-22,both,round2,22-5_Tn5_020,GTCTCGTGGGCTCGGCTGTCCCTGTCCAGCACTTTCACCGTCTCCGCCTCAGATGTGTATAAGAGACAG,AGCACTTT,FALSE,,FALSE
v2018-05-22,both,round2,22-5_Tn5_021,GTCTCGTGGGCTCGGCTGTCCCTGTCCAGTTACAGCACCGTCTCCGCCTCAGATGTGTATAAGAGACAG,AGTTACAG,FALSE,,FALSE
v2018-05-22,both,round2,22-5_Tn5_022,GTCTCGTGGGCTCGGCTGTCCCTGTCCCATACGGTCACCGTCTCCGCCTCAGATGTGTATAAGAGACAG,CATACGGT,FALSE,,FALSE
v2018-05-22,both,round2,22-5_Tn5_023,GTCTCGTGGGCTCGGCTGTCCCTGTCCTGAGGAACCACCGTCTCCGCCTCAGATGTGTATAAGAGACAG,TGAGGAAC,FALSE,,FALSE
v2018-05-22,both,round2,22-5_Tn5_024,GTCTCGTGGGCTCGGCTGTCCCTGTCCTGGTGGTACACCGTCTCCGCCTCAGATGTGTATAAGAGACAG,TGGTGGTA,FALSE,,FALSE
v2018-05-22,both,round2,22-5_Tn5_025,GTCTCGTGGGCTCGGCTGTCCCTGTCCATAAGTGGCACCGTCTCCGCCTCAGATGTGTATAAGAGACAG,ATAAGTGG,FALSE,,FALSE
v2018-05-22,both,round2,22-5_Tn5_026,GTCTCGTGGGCTCGGCTGTCCCTGTCCGGTCTAGGCACCGTCTCCGCCTCAGATGTGTATAAGAGACAG,GGTCTAGG,FALSE,,FALSE
v2018-05-22,both,round2,22-5_Tn5_027,GTCTCGTGGGCTCGGCTGTCCCTGTCCACGGCTGACACCGTCTCCGCCTCAGATGTGTATAAGAGACAG,ACGGCTGA,FALSE,,FALSE
v2018-05-22,both,round2,22-5_Tn5_028,GTCTCGTGGGCTCGGCTGTCCCTGTCCTGAATTGTCACCGTCTCCGCCTCAGATGTGTATAAGAGACAG,TGAATTGT,FALSE,,FALSE
v2018-05-22,both,round2,22-5_Tn5_029,GTCTCGTGGGCTCGGCTGTCCCTGTCCTCAAGTCGCACCGTCTCCGCCTCAGATGTGTATAAGAGACAG,TCAAGTCG,FALSE,,FALSE
v2018-05-22,both,round2,22-5_Tn5_030,GTCTCGTGGGCTCGGCTGTCCCTGTCCGAAGTAATCACCGTCTCCGCCTCAGATGTGTATAAGAGACAG,GAAGTAAT,FALSE,,FALSE
v2018-05-22,both,round2,22-5_Tn5_031,GTCTCGTGGGCTCGGCTGTCCCTGTCCCGAGAGACCACCGTCTCCGCCTCAGATGTGTATAAGAGACAG,CGAGAGAC,FALSE,,FALSE
v2018-05-22,both,round2,22-5_Tn5_032,GTCTCGTGGGCTCGGCTGTCCCTGTCCTTCTCAACCACCGTCTCCGCCTCAGATGTGTATAAGAGACAG,TTCTCAAC,FALSE,,FALSE
v2018-05-22,both,round2,22-5_Tn5_033,GTCTCGTGGGCTCGGCTGTCCCTGTCCTTCTGCGCCACCGTCTCCGCCTCAGATGTGTATAAGAGACAG,TTCTGCGC,FALSE,,FALSE
v2018-05-22,both,round2,22-5_Tn5_034,GTCTCGTGGGCTCGGCTGTCCCTGTCCCACTGAGACACCGTCTCCGCCTCAGATGTGTATAAGAGACAG,CACTGAGA,FALSE,,FALSE
v2018-05-22,both,round2,22-5_Tn5_035,GTCTCGTGGGCTCGGCTGTCCCTGTCCAGATCCTCCACCGTCTCCGCCTCAGATGTGTATAAGAGACAG,AGATCCTC,FALSE,,FALSE
v2018-05-22,both,round2,22-5_Tn5_036,GTCTCGTGGGCTCGGCTGTCCCTGTCCAAACGAGACACCGTCTCCGCCTCAGATGTGTATAAGAGACAG,AAACGAGA,FALSE,,FALSE
v2018-05-22,both,round3b,22-5_PCRi5_001,AATGATACGGCGACCACCGAGATCTACACTAGATCGCGGATGCTGAGTGATTGCTTGTGACGCCTTC,TAGATCGC,TRUE,,FALSE
v2018-05-22,both,round3b,22-5_PCRi5_002,AATGATACGGCGACCACCGAGATCTACACCTCTCTATGGATGCTGAGTGATTGCTTGTGACGCCTTC,CTCTCTAT,TRUE,,FALSE
v2018-05-22,both,round3b,22-5_PCRi5_003,AATGATACGGCGACCACCGAGATCTACACTATCCTCTGGATGCTGAGTGATTGCTTGTGACGCCTTC,TATCCTCT,TRUE,,FALSE
v2018-05-22,both,round3b,22-5_PCRi5_004,AATGATACGGCGACCACCGAGATCTACACAGAGTAGAGGATGCTGAGTGATTGCTTGTGACGCCTTC,AGAGTAGA,TRUE,,TRUE
v2018-05-22,both,round3b,22-5_PCRi5_005,AATGATACGGCGACCACCGAGATCTACACGTAAGGAGGGATGCTGAGTGATTGCTTGTGACGCCTTC,GTAAGGAG,TRUE,,TRUE
v2018-05-22,dark,round3a,22-5_PCRi7_dark_001,CAAGCAGAAGACGGCATACGAGATTCGCCTTACCCCCCCCGTCTCGTGGGCTCGG,TCGCCTTA,TRUE,,FALSE
v2018-05-22,dark,round3a,22-5_PCRi7_dark_002,CAAGCAGAAGACGGCATACGAGATCTAGTACGCCCCCCCCGTCTCGTGGGCTCGG,CTAGTACG,TRUE,,FALSE
v2018-05-22,dark,round3a,22-5_PCRi7_dark_003,CAAGCAGAAGACGGCATACGAGATTTCTGCCTCCCCCCCCGTCTCGTGGGCTCGG,TTCTGCCT,TRUE,,FALSE
v2018-05-22,dark,round3a,22-5_PCRi7_dark_004,CAAGCAGAAGACGGCATACGAGATGCTCAGGACCCCCCCCGTCTCGTGGGCTCGG,GCTCAGGA,TRUE,,FALSE
v2018-05-22,light,round3a,22-5_PCRi7_001,CAAGCAGAAGACGGCATACGAGATTCGCCTTAGTCTCGTGGGCTCGG,TCGCCTTA,TRUE,,FALSE
v2018-05-22,light,round3a,22-5_PCRi7_002,CAAGCAGAAGACGGCATACGAGATCTAGTACGGTCTCGTGGGCTCGG,CTAGTACG,TRUE,,FALSE
v2018-05-22,light,round3a,22-5_PCRi7_003,CAAGCAGAAGACGGCATACGAGATTTCTGCCTGTCTCGTGGGCTCGG,TTCTGCCT,TRUE,,FALSE
v2018-05-22,light,round3a,22-5_PCRi7_004,CAAGCAGAAGACGGCATACGAGATGCTCAGGAGTCTCGTGGGCTCGG,GCTCAGGA,TRUE,,FALSE
